grundstuecksgroesse,stadt,hausgroesse,kriminalitaetsindex,baujahr,klasse
266,Grossviertel,294,Mittel,1952,A
172,Grossviertel,249,Niedrig,1982,B
186,Mittelstadt,254,Niedrig,1969,B
140,Grossviertel,180,Hoch,1990,B
256,Mittelstadt,103,Niedrig,1996,A
261,Grossviertel,162,Hoch,1970,A
86,Mittelstadt,214,Niedrig,1955,A
124,Mittelstadt,131,Hoch,1971,A
163,Kleinhausen,252,Mittel,1970,B
218,Grossviertel,221,Niedrig,1955,B
229,Mittelstadt,274,Mittel,1995,A
261,Grossviertel,248,Mittel,1978,A
133,Mittelstadt,129,Mittel,1987,A
106,Grossviertel,143,Mittel,1977,B
196,Mittelstadt,236,Hoch,1993,B
73,Grossviertel,129,Niedrig,1988,B
254,Kleinhausen,273,Niedrig,1984,A
139,Grossviertel,146,Niedrig,1982,B
281,Mittelstadt,220,Hoch,1960,B
91,Grossviertel,235,Mittel,1957,B
195,Mittelstadt,179,Hoch,1972,B
70,Grossviertel,289,Niedrig,1984,B
141,Mittelstadt,262,Hoch,1958,B
99,Mittelstadt,185,Niedrig,1965,A
58,Grossviertel,279,Hoch,1976,B
164,Mittelstadt,224,Hoch,1988,B
257,Grossviertel,148,Hoch,1990,A
156,Grossviertel,100,Niedrig,1950,A
80,Mittelstadt,266,Niedrig,1969,B
70,Kleinhausen,170,Mittel,1957,B
273,Kleinhausen,171,Niedrig,1952,B
282,Kleinhausen,291,Hoch,1988,A
187,Kleinhausen,153,Mittel,1987,B
73,Grossviertel,299,Hoch,1952,B
190,Kleinhausen,175,Niedrig,1980,A
127,Grossviertel,184,Mittel,1976,B
257,Grossviertel,131,Mittel,1957,A
285,Kleinhausen,260,Hoch,1974,B
106,Kleinhausen,198,Niedrig,1956,B
223,Kleinhausen,208,Niedrig,1973,A
79,Kleinhausen,279,Niedrig,1983,B
60,Kleinhausen,259,Niedrig,1956,A
174,Kleinhausen,244,Mittel,1990,A
177,Grossviertel,262,Hoch,1962,A
131,Grossviertel,109,Hoch,1959,B
230,Grossviertel,116,Niedrig,1983,B
266,Grossviertel,184,Niedrig,1959,A
58,Mittelstadt,123,Hoch,1983,A
187,Mittelstadt,206,Mittel,1974,A
239,Kleinhausen,177,Hoch,1986,A
154,Grossviertel,198,Niedrig,1960,B
59,Grossviertel,206,Niedrig,1981,A
140,Grossviertel,109,Hoch,1979,B
208,Kleinhausen,261,Mittel,1956,A
78,Kleinhausen,256,Hoch,1979,A
125,Kleinhausen,199,Mittel,1997,A
98,Kleinhausen,200,Mittel,1973,B
289,Kleinhausen,224,Mittel,1951,B
259,Mittelstadt,299,Hoch,1994,A
158,Kleinhausen,126,Mittel,1954,B
225,Grossviertel,107,Mittel,1970,B
139,Kleinhausen,102,Niedrig,1973,A
290,Kleinhausen,291,Niedrig,1968,A
78,Grossviertel,188,Hoch,1966,B
289,Mittelstadt,262,Mittel,1961,B
87,Kleinhausen,157,Mittel,1982,B
83,Mittelstadt,105,Mittel,1954,B
201,Grossviertel,176,Hoch,1972,B
154,Kleinhausen,206,Hoch,1970,B
77,Grossviertel,128,Hoch,1988,B
160,Kleinhausen,163,Mittel,1971,B
102,Grossviertel,100,Hoch,1978,B
189,Mittelstadt,139,Mittel,1995,A
153,Grossviertel,261,Niedrig,1957,A
231,Grossviertel,213,Niedrig,1997,A
59,Kleinhausen,167,Mittel,1984,B
156,Grossviertel,172,Hoch,1958,B
153,Mittelstadt,299,Mittel,1968,B
152,Mittelstadt,219,Niedrig,1985,B
227,Mittelstadt,181,Mittel,1991,B
105,Kleinhausen,190,Mittel,1975,A
225,Mittelstadt,271,Mittel,1950,B
124,Mittelstadt,158,Niedrig,1998,A
134,Grossviertel,265,Hoch,1977,B
97,Grossviertel,189,Mittel,1977,A
200,Mittelstadt,112,Mittel,1952,B
94,Kleinhausen,256,Mittel,1989,A
155,Grossviertel,113,Hoch,1994,A
198,Grossviertel,225,Mittel,1995,B
124,Mittelstadt,101,Niedrig,1954,A
166,Kleinhausen,186,Hoch,1956,B
115,Kleinhausen,233,Niedrig,1962,B
222,Mittelstadt,288,Mittel,1969,A
128,Mittelstadt,118,Niedrig,1979,B
162,Kleinhausen,121,Niedrig,1965,B
69,Grossviertel,243,Mittel,1952,B
140,Grossviertel,211,Niedrig,1985,A
181,Mittelstadt,218,Hoch,1990,B
237,Grossviertel,163,Niedrig,1968,A
62,Kleinhausen,198,Hoch,1967,B
219,Grossviertel,156,Hoch,1965,B
199,Kleinhausen,135,Niedrig,1985,A
89,Kleinhausen,230,Niedrig,1958,A
104,Kleinhausen,287,Niedrig,1964,A
77,Mittelstadt,106,Hoch,1988,B
219,Grossviertel,288,Mittel,1984,A
260,Grossviertel,174,Mittel,1953,A
221,Mittelstadt,268,Hoch,1964,A
237,Mittelstadt,138,Mittel,1951,B
133,Kleinhausen,115,Mittel,1992,B
95,Mittelstadt,184,Hoch,1997,B
225,Mittelstadt,218,Niedrig,1986,B
272,Mittelstadt,231,Hoch,1994,B
55,Kleinhausen,290,Hoch,1985,B
167,Mittelstadt,138,Hoch,1988,B
277,Kleinhausen,227,Niedrig,1972,A
153,Grossviertel,169,Mittel,1975,B
186,Mittelstadt,241,Mittel,1993,B
119,Mittelstadt,108,Mittel,1993,A
245,Mittelstadt,232,Mittel,1974,A
297,Kleinhausen,250,Hoch,1996,B
266,Mittelstadt,102,Hoch,1953,B
250,Grossviertel,253,Mittel,1960,B
292,Mittelstadt,222,Hoch,1992,B
293,Kleinhausen,235,Niedrig,1954,A
204,Grossviertel,293,Mittel,1967,A
116,Mittelstadt,234,Hoch,1970,A
242,Mittelstadt,139,Hoch,1994,A
155,Mittelstadt,257,Niedrig,1951,B
229,Grossviertel,104,Hoch,1997,A
69,Mittelstadt,214,Niedrig,1997,A
98,Kleinhausen,212,Niedrig,1977,A
206,Grossviertel,123,Mittel,1951,B
212,Mittelstadt,272,Mittel,1994,A
231,Grossviertel,183,Niedrig,1975,A
51,Kleinhausen,148,Hoch,1957,B
56,Grossviertel,200,Niedrig,1998,A
180,Kleinhausen,141,Niedrig,1958,A
183,Kleinhausen,242,Hoch,1997,B
70,Mittelstadt,144,Mittel,1962,A
166,Kleinhausen,293,Mittel,1985,B
130,Kleinhausen,149,Hoch,1979,A
84,Grossviertel,297,Hoch,1953,B
159,Mittelstadt,190,Hoch,1978,B
84,Grossviertel,105,Niedrig,1996,B
228,Grossviertel,199,Niedrig,1988,A
63,Grossviertel,190,Hoch,1989,B
57,Grossviertel,167,Niedrig,1974,B
226,Mittelstadt,103,Mittel,1979,A
187,Grossviertel,167,Niedrig,1991,A
297,Kleinhausen,139,Hoch,1990,A
228,Kleinhausen,141,Niedrig,1999,A
292,Kleinhausen,223,Hoch,1993,A
140,Kleinhausen,141,Mittel,1979,B
199,Kleinhausen,275,Mittel,1995,A
59,Kleinhausen,298,Niedrig,1986,A
161,Mittelstadt,275,Mittel,1995,B
154,Mittelstadt,268,Mittel,1956,B
215,Grossviertel,201,Hoch,1954,A
206,Grossviertel,160,Mittel,1952,A
268,Kleinhausen,136,Hoch,1975,B
232,Grossviertel,254,Mittel,1960,A
245,Mittelstadt,128,Mittel,1972,B
274,Grossviertel,145,Hoch,1987,B
155,Grossviertel,196,Hoch,1963,B
151,Grossviertel,119,Hoch,1995,B
89,Kleinhausen,142,Niedrig,1951,A
233,Grossviertel,275,Niedrig,1976,A
186,Mittelstadt,137,Mittel,1997,A
292,Grossviertel,230,Mittel,1976,A
202,Mittelstadt,280,Hoch,1956,A
78,Grossviertel,276,Hoch,1989,B
234,Grossviertel,181,Niedrig,1993,A
286,Kleinhausen,243,Hoch,1954,B
92,Mittelstadt,204,Hoch,1992,B
149,Kleinhausen,212,Hoch,1953,B
179,Grossviertel,110,Mittel,1989,B
96,Kleinhausen,238,Mittel,1960,B
172,Grossviertel,244,Mittel,1985,B
74,Kleinhausen,268,Niedrig,1992,B
243,Mittelstadt,225,Hoch,1994,B
225,Kleinhausen,161,Niedrig,1981,A
180,Grossviertel,123,Niedrig,1969,A
109,Grossviertel,151,Hoch,1999,B
249,Kleinhausen,202,Mittel,1982,A
121,Grossviertel,202,Hoch,1968,B
112,Mittelstadt,147,Mittel,1981,B
289,Mittelstadt,258,Niedrig,1993,A
170,Grossviertel,200,Niedrig,1977,B
133,Kleinhausen,128,Niedrig,1994,B
79,Mittelstadt,255,Niedrig,1955,B
67,Mittelstadt,145,Niedrig,1964,A
245,Kleinhausen,257,Mittel,1951,A
202,Mittelstadt,123,Mittel,1956,B
147,Kleinhausen,246,Hoch,1970,B
81,Mittelstadt,214,Mittel,1961,B
135,Kleinhausen,216,Niedrig,1972,B
153,Grossviertel,157,Mittel,1965,B
203,Kleinhausen,233,Hoch,1955,B
137,Kleinhausen,185,Hoch,1960,B
150,Kleinhausen,297,Mittel,1998,A
232,Mittelstadt,249,Mittel,1959,A
162,Kleinhausen,162,Mittel,1988,B
163,Mittelstadt,256,Niedrig,1992,A
123,Mittelstadt,186,Mittel,1993,B
219,Grossviertel,219,Niedrig,1959,A
231,Mittelstadt,153,Mittel,1995,B
252,Grossviertel,238,Niedrig,1990,B
147,Mittelstadt,237,Niedrig,1955,A
142,Grossviertel,121,Hoch,1951,A
181,Grossviertel,139,Mittel,1966,A
240,Mittelstadt,186,Niedrig,1987,A
66,Mittelstadt,222,Mittel,1970,A
84,Kleinhausen,107,Niedrig,1995,B
145,Mittelstadt,263,Niedrig,1997,A
176,Kleinhausen,263,Mittel,1971,A
244,Kleinhausen,164,Hoch,1956,B
250,Kleinhausen,188,Niedrig,1985,B
101,Mittelstadt,278,Hoch,1978,B
268,Kleinhausen,155,Mittel,1970,B
259,Grossviertel,178,Hoch,1970,B
101,Mittelstadt,241,Mittel,1978,A
168,Grossviertel,144,Mittel,1965,B
266,Grossviertel,119,Hoch,1970,A
267,Mittelstadt,232,Niedrig,1966,A
130,Mittelstadt,225,Mittel,1995,B
148,Kleinhausen,161,Niedrig,1969,B
142,Mittelstadt,205,Niedrig,1983,B
64,Kleinhausen,281,Hoch,1972,B
114,Mittelstadt,106,Niedrig,1964,A
244,Mittelstadt,132,Hoch,1993,B
253,Mittelstadt,289,Niedrig,1996,A
149,Kleinhausen,198,Hoch,1983,B
70,Kleinhausen,291,Niedrig,1997,A
116,Mittelstadt,119,Niedrig,1987,B
67,Mittelstadt,214,Niedrig,1978,A
124,Kleinhausen,253,Niedrig,1972,A
84,Kleinhausen,222,Hoch,1962,B
290,Mittelstadt,184,Mittel,1990,B
258,Mittelstadt,160,Niedrig,1977,A
280,Mittelstadt,299,Hoch,1991,A
63,Mittelstadt,149,Mittel,1979,B
291,Kleinhausen,155,Niedrig,1989,B
218,Kleinhausen,105,Hoch,1960,B
142,Grossviertel,122,Hoch,1977,A
140,Mittelstadt,153,Mittel,1962,B
154,Mittelstadt,260,Niedrig,1950,A
178,Kleinhausen,207,Mittel,1971,B
298,Kleinhausen,180,Hoch,1997,A
69,Grossviertel,293,Niedrig,1956,A
205,Grossviertel,296,Niedrig,1993,A
97,Mittelstadt,223,Mittel,1993,B
141,Mittelstadt,237,Niedrig,1950,B
148,Grossviertel,106,Mittel,1990,A
62,Kleinhausen,205,Niedrig,1953,B
278,Mittelstadt,114,Hoch,1978,B
294,Kleinhausen,122,Hoch,1980,B
63,Mittelstadt,298,Niedrig,1950,B
79,Grossviertel,101,Hoch,1970,A
165,Grossviertel,274,Mittel,1980,B
172,Mittelstadt,209,Hoch,1954,B
275,Kleinhausen,136,Niedrig,1952,B
140,Mittelstadt,286,Mittel,1975,A
109,Mittelstadt,109,Hoch,1974,A
171,Kleinhausen,194,Mittel,1999,B
141,Kleinhausen,193,Niedrig,1971,B
215,Kleinhausen,267,Hoch,1980,A
91,Kleinhausen,294,Hoch,1980,B
274,Mittelstadt,223,Niedrig,1951,A
163,Grossviertel,248,Mittel,1977,A
144,Grossviertel,175,Niedrig,1963,B
166,Kleinhausen,253,Mittel,1989,A
187,Mittelstadt,281,Hoch,1957,B
113,Mittelstadt,122,Hoch,1981,B
130,Mittelstadt,105,Niedrig,1962,A
178,Grossviertel,276,Mittel,1976,A
63,Kleinhausen,115,Mittel,1960,B
268,Grossviertel,195,Niedrig,1993,A
54,Mittelstadt,249,Hoch,1971,A
60,Kleinhausen,286,Mittel,1955,A
287,Mittelstadt,235,Niedrig,1967,A
108,Grossviertel,226,Mittel,1959,B
299,Kleinhausen,150,Hoch,1951,B
70,Mittelstadt,279,Hoch,1994,A
103,Mittelstadt,247,Hoch,1950,B
221,Kleinhausen,216,Mittel,1992,A
98,Kleinhausen,189,Mittel,1967,B
94,Grossviertel,129,Hoch,1991,A
158,Grossviertel,287,Hoch,1962,B
181,Kleinhausen,188,Mittel,1997,A
217,Kleinhausen,178,Hoch,1978,B
72,Kleinhausen,237,Mittel,1957,B
74,Mittelstadt,196,Mittel,1954,A
286,Kleinhausen,231,Niedrig,1988,B
214,Grossviertel,272,Mittel,1990,A
229,Mittelstadt,108,Niedrig,1978,A
73,Mittelstadt,170,Hoch,1968,B
221,Kleinhausen,257,Niedrig,1981,B
275,Kleinhausen,104,Mittel,1968,B
132,Grossviertel,274,Hoch,1954,B
158,Mittelstadt,285,Hoch,1974,B
98,Mittelstadt,225,Mittel,1959,B
90,Kleinhausen,213,Hoch,1977,B
143,Mittelstadt,125,Niedrig,1981,A
169,Grossviertel,288,Hoch,1966,B
198,Mittelstadt,299,Hoch,1960,A
203,Mittelstadt,296,Niedrig,1990,A
77,Grossviertel,124,Mittel,1989,A
86,Grossviertel,115,Mittel,1971,A
104,Kleinhausen,251,Hoch,1959,B
114,Grossviertel,248,Hoch,1985,A
286,Kleinhausen,176,Niedrig,1978,A
71,Grossviertel,137,Mittel,1951,B
209,Grossviertel,219,Hoch,1986,A
231,Grossviertel,150,Mittel,1980,A
227,Kleinhausen,153,Mittel,1966,B
209,Mittelstadt,149,Mittel,1976,B
283,Grossviertel,213,Niedrig,1993,A
72,Mittelstadt,215,Niedrig,1956,A
150,Mittelstadt,284,Niedrig,1976,A
192,Mittelstadt,273,Mittel,1950,A
112,Grossviertel,271,Hoch,1979,B
134,Mittelstadt,153,Mittel,1984,A
239,Kleinhausen,162,Niedrig,1993,B
162,Mittelstadt,246,Niedrig,1985,B
103,Grossviertel,285,Mittel,1964,B
256,Kleinhausen,250,Mittel,1988,A
169,Mittelstadt,283,Mittel,1972,B
55,Grossviertel,221,Hoch,1994,B
280,Kleinhausen,150,Mittel,1994,B
294,Grossviertel,194,Niedrig,1962,A
227,Mittelstadt,241,Mittel,1989,B
239,Kleinhausen,150,Hoch,1968,A
229,Grossviertel,116,Niedrig,1955,A
247,Kleinhausen,172,Mittel,1975,B
222,Grossviertel,201,Hoch,1999,A
157,Mittelstadt,265,Niedrig,1972,B
134,Kleinhausen,196,Niedrig,1989,A
95,Mittelstadt,108,Niedrig,1991,A
222,Grossviertel,145,Mittel,1975,A
77,Mittelstadt,129,Mittel,1996,B
134,Grossviertel,117,Niedrig,1998,A
190,Kleinhausen,196,Niedrig,1977,B
50,Kleinhausen,259,Niedrig,1959,A
292,Mittelstadt,243,Niedrig,1956,A
289,Grossviertel,210,Niedrig,1957,A
76,Kleinhausen,195,Hoch,1977,B
113,Kleinhausen,286,Mittel,1973,A
111,Mittelstadt,277,Niedrig,1959,A
179,Grossviertel,105,Niedrig,1950,B
79,Grossviertel,288,Mittel,1992,A
218,Grossviertel,291,Mittel,1962,B
98,Mittelstadt,129,Hoch,1992,B
287,Grossviertel,242,Mittel,1952,B
249,Kleinhausen,167,Niedrig,1997,A
223,Grossviertel,158,Hoch,1999,A
93,Grossviertel,151,Hoch,1989,B
57,Mittelstadt,140,Mittel,1961,B
214,Mittelstadt,292,Niedrig,1979,A
138,Grossviertel,129,Niedrig,1976,A
212,Mittelstadt,285,Hoch,1974,A
155,Grossviertel,141,Niedrig,1993,A
104,Grossviertel,116,Hoch,1960,B
89,Grossviertel,145,Mittel,1966,B
80,Grossviertel,254,Mittel,1966,B
181,Mittelstadt,151,Mittel,1967,A
71,Grossviertel,282,Niedrig,1951,A
163,Mittelstadt,290,Hoch,1995,A
103,Grossviertel,210,Niedrig,1964,A
130,Grossviertel,277,Niedrig,1981,A
107,Kleinhausen,192,Hoch,1966,B
179,Kleinhausen,137,Niedrig,1971,B
210,Grossviertel,244,Niedrig,1986,A
60,Grossviertel,126,Niedrig,1989,B
51,Mittelstadt,293,Mittel,1975,B
221,Grossviertel,196,Niedrig,1977,A
85,Grossviertel,182,Mittel,1968,B
137,Kleinhausen,227,Niedrig,1956,A
91,Grossviertel,191,Hoch,1995,B
245,Kleinhausen,148,Hoch,1991,A
70,Mittelstadt,234,Mittel,1995,B
230,Kleinhausen,114,Niedrig,1959,B
198,Kleinhausen,155,Hoch,1969,B
136,Mittelstadt,144,Hoch,1975,B
213,Mittelstadt,296,Mittel,1993,A
254,Grossviertel,217,Niedrig,1958,A
162,Grossviertel,125,Mittel,1998,A
177,Grossviertel,250,Hoch,1980,A
225,Mittelstadt,146,Mittel,1962,B
166,Mittelstadt,235,Hoch,1989,A
136,Kleinhausen,184,Mittel,1959,A
50,Kleinhausen,243,Niedrig,1958,B
66,Mittelstadt,112,Niedrig,1996,A
208,Mittelstadt,194,Mittel,1963,A
238,Kleinhausen,206,Niedrig,1999,A
242,Grossviertel,175,Mittel,1971,A
252,Mittelstadt,185,Mittel,1992,A
104,Mittelstadt,219,Mittel,1975,A
297,Kleinhausen,222,Niedrig,1960,A
179,Kleinhausen,250,Niedrig,1992,B
290,Kleinhausen,232,Niedrig,1994,A
85,Kleinhausen,244,Niedrig,1991,B
183,Kleinhausen,255,Niedrig,1998,A
74,Mittelstadt,148,Hoch,1958,B
231,Grossviertel,239,Niedrig,1998,B
134,Grossviertel,250,Niedrig,1971,A
138,Grossviertel,143,Niedrig,1985,A
86,Mittelstadt,242,Hoch,1971,B
299,Grossviertel,219,Mittel,1951,A
259,Grossviertel,184,Mittel,1988,B
256,Kleinhausen,176,Niedrig,1986,A
272,Mittelstadt,264,Niedrig,1976,A
93,Kleinhausen,123,Niedrig,1957,A
57,Grossviertel,184,Mittel,1972,A
273,Grossviertel,210,Niedrig,1998,A
232,Grossviertel,154,Hoch,1972,A
292,Kleinhausen,190,Hoch,1974,B
153,Kleinhausen,270,Niedrig,1961,B
105,Grossviertel,290,Mittel,1985,A
205,Mittelstadt,255,Niedrig,1978,B
202,Kleinhausen,143,Mittel,1998,B
145,Mittelstadt,100,Hoch,1971,A
155,Grossviertel,118,Mittel,1967,A
235,Kleinhausen,264,Hoch,1975,B
94,Mittelstadt,246,Mittel,1984,A
148,Mittelstadt,144,Hoch,1964,A
93,Grossviertel,106,Hoch,1970,A
223,Kleinhausen,206,Mittel,1982,A
195,Kleinhausen,154,Niedrig,1962,B
197,Mittelstadt,206,Mittel,1953,A
284,Grossviertel,141,Mittel,1964,B
258,Grossviertel,111,Hoch,1989,B
188,Kleinhausen,139,Niedrig,1969,B
252,Kleinhausen,239,Mittel,1966,A
220,Mittelstadt,169,Mittel,1999,B
264,Grossviertel,225,Mittel,1968,B
109,Kleinhausen,151,Niedrig,1993,B
281,Grossviertel,106,Hoch,1992,B
126,Mittelstadt,121,Niedrig,1982,A
237,Mittelstadt,294,Mittel,1961,A
226,Kleinhausen,119,Mittel,1962,B
85,Grossviertel,260,Mittel,1982,A
206,Grossviertel,223,Niedrig,1968,B
78,Grossviertel,159,Mittel,1990,A
282,Kleinhausen,244,Niedrig,1975,B
217,Mittelstadt,127,Niedrig,1984,A
288,Mittelstadt,253,Niedrig,1971,A
205,Kleinhausen,126,Hoch,1997,A
228,Grossviertel,173,Mittel,1989,B
106,Mittelstadt,187,Mittel,1996,A
59,Mittelstadt,124,Mittel,1995,B
213,Kleinhausen,190,Hoch,1973,A
210,Mittelstadt,237,Mittel,1975,B
86,Kleinhausen,132,Niedrig,1992,B
194,Kleinhausen,295,Niedrig,1992,B
120,Mittelstadt,197,Niedrig,1960,B
224,Kleinhausen,123,Mittel,1999,B
145,Mittelstadt,267,Hoch,1970,A
265,Kleinhausen,162,Niedrig,1997,B
201,Mittelstadt,257,Mittel,1979,A
275,Grossviertel,280,Hoch,1963,B
62,Grossviertel,246,Hoch,1965,A
196,Mittelstadt,165,Hoch,1982,B
69,Mittelstadt,211,Mittel,1997,A
76,Mittelstadt,150,Hoch,1993,B
182,Mittelstadt,105,Mittel,1997,A
291,Mittelstadt,202,Hoch,1978,B
290,Mittelstadt,298,Mittel,1956,B
209,Mittelstadt,291,Niedrig,1995,A
225,Kleinhausen,241,Niedrig,1999,A
94,Grossviertel,221,Niedrig,1984,B
259,Grossviertel,105,Mittel,1989,B
90,Kleinhausen,188,Niedrig,1957,A
263,Kleinhausen,183,Niedrig,1993,B
246,Mittelstadt,202,Hoch,1953,B
261,Mittelstadt,172,Niedrig,1971,B
163,Mittelstadt,281,Niedrig,1993,A
79,Mittelstadt,162,Niedrig,1996,A
176,Grossviertel,146,Mittel,1966,A
210,Grossviertel,158,Mittel,1950,B
203,Grossviertel,244,Niedrig,1951,B
88,Mittelstadt,147,Mittel,1974,B
285,Kleinhausen,194,Mittel,1971,B
142,Mittelstadt,164,Niedrig,1963,A
78,Grossviertel,248,Hoch,1985,B
97,Grossviertel,207,Mittel,1956,B
145,Grossviertel,168,Hoch,1972,B
202,Grossviertel,268,Hoch,1995,B
195,Kleinhausen,113,Mittel,1968,B
207,Grossviertel,226,Hoch,1977,A
132,Kleinhausen,229,Hoch,1978,B
281,Grossviertel,297,Mittel,1980,A
228,Kleinhausen,169,Niedrig,1973,B
106,Mittelstadt,199,Niedrig,1966,A
149,Mittelstadt,269,Hoch,1980,A
57,Mittelstadt,253,Mittel,1992,B
151,Mittelstadt,253,Niedrig,1979,A
59,Mittelstadt,289,Mittel,1962,B
243,Kleinhausen,178,Niedrig,1960,A
289,Grossviertel,247,Mittel,1968,B
135,Mittelstadt,252,Hoch,1983,A
57,Grossviertel,286,Mittel,1988,A
157,Mittelstadt,121,Hoch,1966,A
52,Kleinhausen,198,Mittel,1951,A
201,Grossviertel,238,Hoch,1957,B
60,Kleinhausen,108,Hoch,1972,B
73,Kleinhausen,285,Niedrig,1967,A
161,Kleinhausen,152,Niedrig,1983,A
207,Grossviertel,262,Mittel,1966,A
77,Grossviertel,210,Hoch,1956,B
75,Kleinhausen,177,Hoch,1954,B
60,Mittelstadt,245,Niedrig,1979,A
74,Grossviertel,144,Hoch,1968,A
98,Grossviertel,271,Niedrig,1988,A
235,Mittelstadt,238,Mittel,1957,A
128,Grossviertel,154,Mittel,1964,B
242,Kleinhausen,246,Hoch,1985,A
134,Mittelstadt,106,Hoch,1974,B
139,Mittelstadt,272,Hoch,1957,B
263,Mittelstadt,293,Hoch,1952,A
270,Kleinhausen,241,Niedrig,1964,B
174,Kleinhausen,158,Niedrig,1975,A
80,Kleinhausen,211,Hoch,1981,B
220,Grossviertel,139,Hoch,1981,A
220,Grossviertel,252,Hoch,1976,A
186,Mittelstadt,160,Mittel,1996,B
240,Grossviertel,153,Niedrig,1969,B
157,Grossviertel,162,Mittel,1983,A
74,Kleinhausen,263,Niedrig,1983,A
251,Kleinhausen,206,Mittel,1971,B
293,Mittelstadt,251,Niedrig,1955,A
235,Grossviertel,208,Niedrig,1982,A
208,Kleinhausen,163,Niedrig,1950,B
169,Mittelstadt,297,Hoch,1960,B
271,Grossviertel,106,Hoch,1979,A
295,Grossviertel,142,Niedrig,1990,A
267,Mittelstadt,243,Mittel,1970,A
279,Kleinhausen,280,Hoch,1987,B
161,Kleinhausen,109,Hoch,1983,A
271,Mittelstadt,150,Mittel,1988,A
221,Grossviertel,165,Mittel,1996,B
214,Grossviertel,237,Niedrig,1996,B
140,Mittelstadt,190,Mittel,1982,A
157,Mittelstadt,128,Hoch,1995,A
87,Grossviertel,288,Niedrig,1976,A
299,Mittelstadt,245,Mittel,1984,A
218,Kleinhausen,156,Mittel,1997,A
287,Grossviertel,242,Niedrig,1966,A
209,Grossviertel,152,Mittel,1968,B
223,Kleinhausen,193,Mittel,1964,B
73,Grossviertel,155,Hoch,1952,B
233,Kleinhausen,245,Hoch,1986,B
165,Kleinhausen,111,Niedrig,1964,B
256,Grossviertel,267,Niedrig,1986,A
72,Mittelstadt,217,Mittel,1964,B
129,Grossviertel,289,Niedrig,1999,A
175,Mittelstadt,273,Hoch,1975,B
270,Grossviertel,260,Hoch,1970,A
208,Kleinhausen,282,Mittel,1993,B
221,Grossviertel,299,Hoch,1950,A
143,Grossviertel,258,Niedrig,1991,A
87,Mittelstadt,223,Mittel,1954,A
217,Kleinhausen,145,Hoch,1950,B
166,Mittelstadt,223,Mittel,1961,B
229,Kleinhausen,111,Niedrig,1977,A
79,Grossviertel,104,Niedrig,1980,B
90,Kleinhausen,161,Hoch,1964,B
215,Kleinhausen,115,Hoch,1988,B
117,Kleinhausen,226,Mittel,1956,A
101,Mittelstadt,273,Hoch,1989,A
140,Kleinhausen,125,Mittel,1976,B
80,Kleinhausen,112,Mittel,1985,B
130,Kleinhausen,292,Niedrig,1953,A
258,Mittelstadt,279,Niedrig,1968,A
280,Mittelstadt,253,Hoch,1993,A
118,Grossviertel,113,Niedrig,1976,B
175,Grossviertel,156,Niedrig,1954,B
265,Mittelstadt,122,Mittel,1995,A
194,Kleinhausen,219,Hoch,1956,A
130,Grossviertel,283,Hoch,1988,A
215,Mittelstadt,127,Mittel,1974,B
149,Mittelstadt,243,Mittel,1995,A
103,Kleinhausen,149,Niedrig,1971,A
204,Mittelstadt,258,Niedrig,1973,A
297,Grossviertel,209,Hoch,1960,A
211,Grossviertel,181,Niedrig,1951,A
232,Grossviertel,192,Hoch,1953,B
108,Kleinhausen,216,Mittel,1954,A
100,Grossviertel,195,Niedrig,1969,A
155,Kleinhausen,287,Hoch,1977,A
221,Mittelstadt,180,Niedrig,1973,A
222,Kleinhausen,196,Niedrig,1976,B
272,Mittelstadt,108,Hoch,1963,B
179,Kleinhausen,230,Mittel,1981,A
206,Mittelstadt,267,Hoch,1956,A
275,Grossviertel,168,Mittel,1964,A
147,Grossviertel,160,Hoch,1987,B
99,Mittelstadt,139,Mittel,1984,B
229,Grossviertel,198,Niedrig,1954,A
268,Grossviertel,237,Mittel,1956,A
141,Grossviertel,271,Mittel,1950,B
286,Grossviertel,152,Hoch,1977,A
157,Grossviertel,129,Niedrig,1963,B
197,Mittelstadt,298,Mittel,1990,A
51,Kleinhausen,224,Hoch,1989,B
189,Kleinhausen,260,Hoch,1971,B
165,Grossviertel,206,Niedrig,1988,B
65,Grossviertel,225,Mittel,1990,B
73,Mittelstadt,236,Mittel,1991,A
78,Grossviertel,273,Mittel,1991,B
280,Kleinhausen,251,Mittel,1982,A
187,Kleinhausen,254,Hoch,1963,B
63,Grossviertel,275,Hoch,1999,A
154,Grossviertel,223,Mittel,1989,A
101,Grossviertel,289,Niedrig,1965,A
88,Kleinhausen,198,Niedrig,1998,B
226,Grossviertel,257,Niedrig,1997,A
292,Grossviertel,174,Mittel,1981,A
281,Mittelstadt,183,Mittel,1973,A
200,Grossviertel,234,Mittel,1967,A
61,Mittelstadt,265,Niedrig,1991,A
77,Mittelstadt,289,Hoch,1995,B
155,Mittelstadt,208,Hoch,1985,B
128,Mittelstadt,154,Mittel,1979,A
170,Grossviertel,125,Hoch,1950,B
165,Kleinhausen,226,Hoch,1969,A
225,Mittelstadt,141,Mittel,1952,B
78,Grossviertel,290,Mittel,1996,A
201,Grossviertel,177,Niedrig,1971,A
126,Kleinhausen,257,Mittel,1952,B
137,Grossviertel,157,Mittel,1971,A
195,Grossviertel,152,Mittel,1976,B
172,Kleinhausen,298,Niedrig,1952,B
78,Mittelstadt,131,Mittel,1962,B
181,Kleinhausen,272,Mittel,1953,B
71,Mittelstadt,120,Niedrig,1961,B
218,Grossviertel,246,Hoch,1989,B
134,Mittelstadt,151,Niedrig,1958,B
252,Kleinhausen,172,Niedrig,1953,A
55,Mittelstadt,215,Mittel,1977,B
159,Grossviertel,257,Niedrig,1992,A
164,Mittelstadt,101,Mittel,1965,A
179,Grossviertel,292,Niedrig,1975,B
232,Kleinhausen,112,Niedrig,1964,B
255,Kleinhausen,212,Mittel,1979,A
81,Grossviertel,249,Niedrig,1954,B
290,Kleinhausen,275,Niedrig,1990,B
177,Grossviertel,280,Niedrig,1955,B
100,Grossviertel,259,Mittel,1956,A
206,Kleinhausen,251,Hoch,1958,A
285,Kleinhausen,191,Niedrig,1989,A
265,Grossviertel,110,Hoch,1970,A
245,Kleinhausen,242,Hoch,1999,A
171,Kleinhausen,278,Hoch,1963,B
119,Mittelstadt,123,Niedrig,1988,B
115,Grossviertel,286,Niedrig,1954,A
210,Grossviertel,185,Hoch,1988,A
264,Grossviertel,174,Hoch,1951,B
256,Kleinhausen,168,Hoch,1984,B
115,Kleinhausen,104,Niedrig,1989,B
236,Grossviertel,176,Hoch,1975,B
266,Grossviertel,247,Mittel,1986,A
275,Grossviertel,224,Niedrig,1994,A
261,Kleinhausen,170,Mittel,1991,A
154,Kleinhausen,298,Hoch,1978,A
242,Kleinhausen,105,Niedrig,1954,B
132,Mittelstadt,124,Niedrig,1980,B
190,Grossviertel,194,Hoch,1980,A
295,Kleinhausen,251,Niedrig,1993,B
148,Grossviertel,132,Mittel,1960,A
294,Grossviertel,166,Hoch,1958,B
70,Grossviertel,129,Hoch,1981,B
142,Mittelstadt,145,Mittel,1971,B
146,Grossviertel,174,Mittel,1967,A
108,Mittelstadt,100,Hoch,1996,A
199,Grossviertel,109,Hoch,1981,A
276,Mittelstadt,191,Niedrig,1963,B
99,Grossviertel,152,Niedrig,1979,B
105,Grossviertel,266,Mittel,1979,A
207,Kleinhausen,165,Hoch,1983,B
289,Kleinhausen,107,Niedrig,1988,A
231,Grossviertel,200,Niedrig,1974,A
92,Mittelstadt,213,Mittel,1970,A
249,Grossviertel,215,Hoch,1957,B
223,Grossviertel,246,Mittel,1999,B
120,Kleinhausen,161,Niedrig,1972,A
266,Mittelstadt,270,Niedrig,1984,A
189,Grossviertel,279,Mittel,1964,A
130,Kleinhausen,124,Niedrig,1991,A
173,Kleinhausen,106,Niedrig,1961,B
134,Mittelstadt,185,Mittel,1955,B
213,Grossviertel,250,Mittel,1977,A
255,Kleinhausen,106,Niedrig,1985,B
245,Kleinhausen,169,Hoch,1971,B
270,Mittelstadt,134,Hoch,1953,B
254,Mittelstadt,157,Hoch,1983,A
275,Grossviertel,281,Niedrig,1955,A
223,Grossviertel,175,Hoch,1977,A
253,Mittelstadt,208,Niedrig,1970,A
163,Mittelstadt,212,Hoch,1959,B
298,Grossviertel,262,Mittel,1985,A
152,Mittelstadt,136,Niedrig,1964,A
295,Kleinhausen,137,Hoch,1953,A
199,Kleinhausen,116,Hoch,1952,B
144,Mittelstadt,122,Mittel,1991,B
126,Mittelstadt,109,Niedrig,1956,B
216,Mittelstadt,162,Niedrig,1957,A
184,Kleinhausen,295,Niedrig,1995,A
196,Kleinhausen,121,Hoch,1983,B
227,Kleinhausen,287,Mittel,1985,B
63,Kleinhausen,226,Hoch,1958,B
287,Mittelstadt,148,Hoch,1968,B
240,Mittelstadt,207,Niedrig,1963,B
105,Kleinhausen,242,Mittel,1976,B
62,Kleinhausen,267,Niedrig,1983,A
207,Grossviertel,107,Mittel,1956,B
52,Mittelstadt,212,Mittel,1968,A
150,Grossviertel,126,Niedrig,1957,B
116,Grossviertel,215,Mittel,1964,A
163,Kleinhausen,252,Hoch,1976,B
216,Mittelstadt,162,Hoch,1997,B
102,Grossviertel,211,Niedrig,1952,A
205,Grossviertel,198,Hoch,1959,B
185,Grossviertel,211,Niedrig,1975,A
195,Mittelstadt,203,Hoch,1966,B
218,Mittelstadt,294,Hoch,1997,A
127,Grossviertel,258,Niedrig,1981,A
181,Grossviertel,124,Mittel,1997,A
147,Kleinhausen,180,Niedrig,1953,B
136,Mittelstadt,156,Mittel,1971,B
255,Mittelstadt,263,Mittel,1990,B
280,Grossviertel,214,Hoch,1958,A
135,Mittelstadt,260,Niedrig,1994,B
73,Kleinhausen,167,Mittel,1979,B
248,Kleinhausen,132,Mittel,1967,B
92,Mittelstadt,221,Mittel,1965,A
116,Kleinhausen,125,Mittel,1999,A
267,Mittelstadt,162,Niedrig,1979,B
294,Grossviertel,213,Mittel,1992,A
295,Kleinhausen,248,Mittel,1960,B
266,Mittelstadt,221,Niedrig,1952,A
164,Kleinhausen,265,Mittel,1994,A
287,Grossviertel,121,Niedrig,1956,A
169,Mittelstadt,105,Hoch,1961,B
92,Mittelstadt,185,Niedrig,1965,B
88,Grossviertel,298,Niedrig,1994,A
284,Kleinhausen,200,Mittel,1995,B
144,Mittelstadt,241,Mittel,1968,B
54,Kleinhausen,105,Mittel,1977,A
169,Grossviertel,288,Niedrig,1977,A
197,Grossviertel,211,Niedrig,1995,B
114,Grossviertel,170,Niedrig,1970,B
61,Grossviertel,254,Hoch,1981,B
130,Kleinhausen,109,Niedrig,1950,B
128,Kleinhausen,229,Mittel,1995,A
287,Mittelstadt,242,Hoch,1960,B
159,Mittelstadt,282,Mittel,1959,A
69,Kleinhausen,247,Niedrig,1970,B
207,Grossviertel,269,Mittel,1968,A
167,Kleinhausen,102,Hoch,1993,B
133,Grossviertel,262,Hoch,1986,B
261,Kleinhausen,279,Mittel,1961,A
58,Grossviertel,211,Mittel,1955,B
158,Kleinhausen,280,Hoch,1997,A
249,Mittelstadt,123,Hoch,1964,A
85,Kleinhausen,178,Mittel,1982,B
200,Kleinhausen,292,Mittel,1952,A
83,Kleinhausen,234,Niedrig,1964,A
154,Kleinhausen,282,Niedrig,1995,A
120,Grossviertel,279,Mittel,1973,A
85,Grossviertel,172,Niedrig,1960,A
224,Kleinhausen,174,Niedrig,1981,A
167,Grossviertel,158,Hoch,1958,A
232,Kleinhausen,253,Niedrig,1975,A
172,Kleinhausen,299,Mittel,1983,B
63,Grossviertel,135,Hoch,1958,A
71,Kleinhausen,250,Hoch,1997,B
136,Kleinhausen,185,Mittel,1985,B
54,Grossviertel,150,Niedrig,1962,B
150,Kleinhausen,107,Niedrig,1954,B
64,Mittelstadt,262,Hoch,1987,B
133,Mittelstadt,125,Hoch,1971,B
51,Grossviertel,244,Mittel,1961,B
259,Grossviertel,275,Mittel,1979,B
71,Grossviertel,215,Mittel,1972,B
115,Kleinhausen,247,Niedrig,1978,A
119,Grossviertel,202,Mittel,1974,A
267,Mittelstadt,150,Niedrig,1952,A
171,Grossviertel,198,Niedrig,1951,A
276,Grossviertel,256,Hoch,1966,B
260,Mittelstadt,280,Mittel,1995,A
181,Kleinhausen,180,Hoch,1983,A
138,Mittelstadt,196,Mittel,1971,A
298,Grossviertel,121,Mittel,1979,A
115,Kleinhausen,141,Niedrig,1967,B
76,Mittelstadt,162,Mittel,1992,B
224,Grossviertel,181,Niedrig,1982,A
221,Grossviertel,174,Niedrig,1974,B
129,Kleinhausen,186,Hoch,1958,B
292,Mittelstadt,194,Niedrig,1983,A
232,Kleinhausen,228,Niedrig,1967,A
228,Grossviertel,160,Niedrig,1987,A
103,Kleinhausen,236,Hoch,1994,A
138,Mittelstadt,157,Mittel,1997,A
103,Grossviertel,192,Mittel,1997,A
216,Grossviertel,167,Niedrig,1954,A
267,Grossviertel,246,Hoch,1981,A
138,Mittelstadt,252,Mittel,1958,B
76,Grossviertel,249,Niedrig,1974,A
78,Kleinhausen,221,Niedrig,1970,B
183,Mittelstadt,216,Niedrig,1981,A
206,Mittelstadt,228,Hoch,1952,B
184,Grossviertel,109,Hoch,1970,B
168,Kleinhausen,252,Hoch,1972,A
132,Kleinhausen,248,Hoch,1988,B
218,Mittelstadt,181,Mittel,1979,B
239,Kleinhausen,280,Niedrig,1990,A
199,Mittelstadt,242,Mittel,1964,B
209,Mittelstadt,168,Mittel,1982,B
172,Kleinhausen,239,Mittel,1998,B
120,Mittelstadt,109,Niedrig,1955,B
187,Kleinhausen,239,Mittel,1964,B
171,Kleinhausen,137,Hoch,1994,B
221,Mittelstadt,207,Hoch,1981,A
279,Grossviertel,258,Niedrig,1986,A
154,Kleinhausen,213,Niedrig,1991,A
106,Grossviertel,102,Hoch,1950,A
299,Kleinhausen,231,Mittel,1973,A
121,Kleinhausen,134,Niedrig,1954,B
118,Kleinhausen,188,Hoch,1987,B
151,Mittelstadt,198,Mittel,1993,B
290,Grossviertel,235,Mittel,1974,A
153,Grossviertel,108,Niedrig,1997,A
207,Grossviertel,267,Hoch,1970,A
167,Grossviertel,168,Mittel,1962,B
252,Grossviertel,178,Niedrig,1951,A
281,Grossviertel,175,Niedrig,1985,A
250,Mittelstadt,248,Mittel,1996,A
175,Mittelstadt,288,Mittel,1982,A
172,Kleinhausen,295,Niedrig,1958,A
60,Mittelstadt,274,Hoch,1995,B
144,Mittelstadt,178,Mittel,1989,B
156,Grossviertel,255,Mittel,1986,A
82,Grossviertel,178,Hoch,1979,B
92,Grossviertel,231,Hoch,1980,A
233,Grossviertel,262,Niedrig,1967,A
134,Kleinhausen,264,Niedrig,1955,A
267,Mittelstadt,125,Mittel,1985,A
260,Mittelstadt,141,Mittel,1998,A
249,Grossviertel,110,Mittel,1998,B
101,Mittelstadt,264,Mittel,1976,A
95,Mittelstadt,160,Hoch,1981,B
135,Grossviertel,231,Mittel,1978,B
125,Mittelstadt,289,Niedrig,1953,A
242,Grossviertel,240,Niedrig,1986,B
289,Grossviertel,227,Mittel,1990,B
73,Mittelstadt,187,Niedrig,1976,B
255,Grossviertel,161,Mittel,1987,A
69,Kleinhausen,122,Hoch,1961,B
221,Mittelstadt,127,Niedrig,1981,A
251,Mittelstadt,222,Niedrig,1962,A
233,Kleinhausen,153,Niedrig,1959,A
191,Mittelstadt,284,Hoch,1980,A
246,Grossviertel,280,Hoch,1961,B
275,Grossviertel,130,Hoch,1975,B
294,Grossviertel,241,Mittel,1991,A
139,Mittelstadt,102,Hoch,1980,B
172,Mittelstadt,229,Niedrig,1951,B
161,Grossviertel,172,Niedrig,1951,A
176,Grossviertel,114,Hoch,1992,B
266,Kleinhausen,247,Niedrig,1984,A
261,Kleinhausen,262,Hoch,1963,B
121,Kleinhausen,275,Mittel,1964,A
84,Grossviertel,250,Mittel,1964,A
204,Mittelstadt,119,Mittel,1967,B
159,Mittelstadt,298,Hoch,1999,A
237,Kleinhausen,193,Hoch,1957,A
143,Mittelstadt,139,Niedrig,1951,B
250,Kleinhausen,177,Mittel,1979,A
203,Grossviertel,185,Hoch,1986,A
154,Kleinhausen,211,Niedrig,1974,A
264,Kleinhausen,213,Hoch,1996,A
175,Kleinhausen,111,Niedrig,1984,B
61,Kleinhausen,220,Hoch,1954,B
285,Grossviertel,263,Niedrig,1998,A
265,Mittelstadt,215,Mittel,1984,A
111,Grossviertel,273,Hoch,1985,A
61,Kleinhausen,215,Niedrig,1980,A
215,Mittelstadt,213,Hoch,1965,B
293,Mittelstadt,174,Hoch,1966,B
151,Grossviertel,117,Mittel,1950,B
101,Kleinhausen,253,Hoch,1966,B
297,Grossviertel,235,Niedrig,1999,A
154,Mittelstadt,206,Mittel,1956,A
206,Mittelstadt,207,Hoch,1951,B
126,Kleinhausen,278,Mittel,1993,B
266,Kleinhausen,155,Hoch,1988,B
227,Grossviertel,276,Niedrig,1977,A
118,Kleinhausen,234,Hoch,1985,A
107,Grossviertel,223,Hoch,1973,B
175,Mittelstadt,124,Hoch,1994,B
99,Mittelstadt,283,Niedrig,1974,B
113,Grossviertel,237,Mittel,1991,B
236,Grossviertel,172,Hoch,1955,B
269,Mittelstadt,247,Mittel,1964,A
257,Kleinhausen,123,Niedrig,1957,A
94,Grossviertel,226,Niedrig,1984,B
111,Kleinhausen,198,Hoch,1987,B
138,Kleinhausen,284,Mittel,1973,B
210,Grossviertel,277,Hoch,1951,A
160,Kleinhausen,164,Niedrig,1994,B
267,Grossviertel,117,Hoch,1974,B
94,Mittelstadt,290,Mittel,1997,B
61,Kleinhausen,243,Niedrig,1981,A
226,Mittelstadt,218,Niedrig,1975,A
72,Kleinhausen,130,Mittel,1997,A
185,Kleinhausen,244,Niedrig,1974,B
105,Mittelstadt,142,Hoch,1995,A
233,Grossviertel,266,Mittel,1986,A
154,Kleinhausen,252,Niedrig,1997,A
252,Mittelstadt,115,Mittel,1975,B
194,Kleinhausen,173,Niedrig,1951,A
74,Kleinhausen,246,Niedrig,1976,B
105,Mittelstadt,153,Mittel,1973,A
161,Grossviertel,197,Hoch,1980,B
151,Kleinhausen,290,Mittel,1999,A
133,Kleinhausen,104,Mittel,1970,A
131,Kleinhausen,149,Hoch,1965,B
210,Mittelstadt,163,Hoch,1998,A
136,Mittelstadt,204,Hoch,1978,B
276,Kleinhausen,183,Hoch,1994,A
56,Kleinhausen,170,Niedrig,1978,B
85,Mittelstadt,130,Niedrig,1984,B
69,Kleinhausen,293,Hoch,1961,A
112,Mittelstadt,237,Niedrig,1968,B
251,Kleinhausen,167,Niedrig,1969,B
284,Kleinhausen,227,Mittel,1989,B
56,Kleinhausen,178,Mittel,1992,A
214,Kleinhausen,252,Mittel,1978,B
159,Kleinhausen,211,Niedrig,1969,B
91,Mittelstadt,123,Niedrig,1962,A
60,Grossviertel,171,Mittel,1977,B
234,Mittelstadt,120,Niedrig,1968,B
71,Mittelstadt,235,Niedrig,1955,B
164,Kleinhausen,103,Mittel,1960,B
217,Grossviertel,154,Mittel,1961,B
211,Grossviertel,230,Hoch,1965,B
77,Grossviertel,171,Hoch,1987,B
161,Kleinhausen,187,Hoch,1970,B
78,Mittelstadt,134,Mittel,1976,B
113,Grossviertel,212,Niedrig,1983,A
230,Mittelstadt,204,Niedrig,1958,A
299,Mittelstadt,271,Hoch,1993,B
215,Kleinhausen,121,Mittel,1955,A
291,Grossviertel,110,Mittel,1982,B
268,Kleinhausen,241,Mittel,1970,B
212,Grossviertel,145,Niedrig,1998,A
249,Mittelstadt,269,Mittel,1992,B
264,Kleinhausen,154,Mittel,1950,A
83,Kleinhausen,196,Niedrig,1962,A
95,Kleinhausen,108,Hoch,1994,B
71,Kleinhausen,176,Niedrig,1984,B
186,Grossviertel,158,Hoch,1984,A
210,Mittelstadt,212,Hoch,1986,A
62,Mittelstadt,265,Niedrig,1953,A
51,Grossviertel,274,Hoch,1963,A
208,Grossviertel,132,Hoch,1968,B
106,Mittelstadt,195,Hoch,1953,B
126,Kleinhausen,169,Niedrig,1959,B
143,Grossviertel,205,Niedrig,1965,B
189,Kleinhausen,223,Hoch,1973,B
229,Grossviertel,133,Mittel,1969,A
174,Kleinhausen,133,Mittel,1986,A
127,Mittelstadt,131,Niedrig,1996,A
287,Kleinhausen,104,Mittel,1994,A
154,Kleinhausen,172,Niedrig,1999,A
192,Mittelstadt,111,Hoch,1989,B
198,Mittelstadt,247,Niedrig,1975,A
170,Mittelstadt,114,Mittel,1950,B
74,Mittelstadt,148,Hoch,1964,B
74,Kleinhausen,199,Hoch,1985,B
66,Grossviertel,134,Hoch,1999,B
208,Mittelstadt,220,Mittel,1995,A
201,Kleinhausen,221,Niedrig,1958,B
128,Mittelstadt,177,Hoch,1953,B
60,Mittelstadt,276,Niedrig,1968,B
165,Mittelstadt,141,Hoch,1988,B
52,Kleinhausen,137,Hoch,1992,A
263,Mittelstadt,249,Mittel,1991,A
229,Mittelstadt,274,Hoch,1985,A
269,Mittelstadt,291,Hoch,1991,A
87,Mittelstadt,175,Mittel,1963,B
175,Mittelstadt,186,Hoch,1967,A
145,Mittelstadt,171,Mittel,1993,B
119,Mittelstadt,104,Mittel,1968,B
232,Kleinhausen,289,Hoch,1998,A
111,Kleinhausen,125,Mittel,1994,B
128,Kleinhausen,141,Niedrig,1984,B
270,Grossviertel,129,Niedrig,1976,A
196,Mittelstadt,109,Niedrig,1990,A
176,Mittelstadt,101,Hoch,1951,B
74,Grossviertel,140,Hoch,1996,B
275,Grossviertel,107,Mittel,1974,B
263,Kleinhausen,128,Hoch,1959,B
145,Grossviertel,131,Mittel,1976,B
167,Kleinhausen,226,Mittel,1984,B
225,Grossviertel,128,Niedrig,1982,A
71,Kleinhausen,297,Hoch,1989,B
268,Kleinhausen,275,Hoch,1984,B
172,Kleinhausen,229,Niedrig,1981,B
121,Grossviertel,186,Niedrig,1967,A
288,Grossviertel,175,Niedrig,1993,A
268,Grossviertel,102,Niedrig,1973,B
217,Grossviertel,124,Niedrig,1966,A
166,Grossviertel,198,Mittel,1964,A
131,Grossviertel,227,Mittel,1998,B
184,Kleinhausen,180,Mittel,1970,B
150,Kleinhausen,100,Mittel,1964,B
107,Grossviertel,242,Niedrig,1954,A
123,Kleinhausen,121,Niedrig,1979,B
271,Grossviertel,197,Hoch,1971,A
285,Kleinhausen,211,Niedrig,1998,A
79,Mittelstadt,177,Mittel,1993,B
258,Grossviertel,185,Mittel,1993,B
296,Kleinhausen,175,Niedrig,1964,B
135,Mittelstadt,130,Mittel,1988,A
62,Kleinhausen,143,Mittel,1994,B
75,Grossviertel,262,Niedrig,1968,A
293,Kleinhausen,198,Niedrig,1964,A
209,Kleinhausen,104,Hoch,1974,B
180,Mittelstadt,243,Niedrig,1963,A
178,Mittelstadt,274,Mittel,1998,A
57,Mittelstadt,230,Mittel,1976,A
242,Grossviertel,298,Niedrig,1952,A
150,Grossviertel,130,Mittel,1967,A
256,Mittelstadt,197,Mittel,1989,B
252,Mittelstadt,273,Niedrig,1963,A
242,Kleinhausen,165,Hoch,1980,B
57,Mittelstadt,184,Niedrig,1990,A
232,Kleinhausen,157,Hoch,1984,A
214,Kleinhausen,220,Niedrig,1982,A
140,Mittelstadt,225,Niedrig,1952,A
82,Grossviertel,270,Niedrig,1987,A
221,Grossviertel,110,Mittel,1958,B
169,Mittelstadt,256,Hoch,1968,A
55,Kleinhausen,231,Mittel,1983,B
137,Grossviertel,201,Hoch,1980,A
98,Kleinhausen,139,Hoch,1973,B
114,Grossviertel,292,Niedrig,1978,B
68,Grossviertel,209,Niedrig,1996,A
96,Grossviertel,272,Hoch,1950,B
55,Kleinhausen,228,Niedrig,1995,A
191,Grossviertel,183,Hoch,1999,B
258,Grossviertel,172,Hoch,1979,A
223,Mittelstadt,229,Niedrig,1959,B
77,Kleinhausen,152,Hoch,1972,B
123,Grossviertel,257,Mittel,1983,A
154,Kleinhausen,173,Hoch,1979,A
112,Grossviertel,133,Mittel,1986,A
285,Kleinhausen,228,Mittel,1991,B
125,Mittelstadt,201,Mittel,1972,B
105,Grossviertel,285,Mittel,1988,B
167,Mittelstadt,172,Niedrig,1971,B
172,Grossviertel,254,Mittel,1998,A
116,Kleinhausen,156,Mittel,1976,B
69,Mittelstadt,232,Hoch,1987,B
186,Kleinhausen,228,Hoch,1976,B
115,Kleinhausen,243,Niedrig,1976,B
69,Mittelstadt,142,Hoch,1951,B
254,Grossviertel,211,Mittel,1955,B
167,Mittelstadt,251,Mittel,1985,A
76,Mittelstadt,266,Niedrig,1964,B
179,Mittelstadt,249,Hoch,1987,A
186,Mittelstadt,184,Niedrig,1960,A
70,Mittelstadt,132,Mittel,1959,B
179,Grossviertel,110,Hoch,1968,A
238,Mittelstadt,102,Hoch,1958,B
203,Grossviertel,176,Niedrig,1981,B
147,Mittelstadt,150,Niedrig,1982,B
238,Grossviertel,274,Niedrig,1997,A
254,Grossviertel,244,Niedrig,1956,A
64,Kleinhausen,148,Hoch,1957,B
270,Kleinhausen,169,Niedrig,1956,B
297,Mittelstadt,120,Mittel,1997,A
295,Mittelstadt,231,Niedrig,1963,A
124,Kleinhausen,137,Mittel,1997,B
246,Grossviertel,176,Hoch,1964,B
167,Kleinhausen,209,Niedrig,1995,B
192,Grossviertel,133,Niedrig,1985,A
134,Grossviertel,252,Mittel,1962,A
144,Mittelstadt,202,Mittel,1962,B
252,Mittelstadt,219,Niedrig,1996,A
72,Mittelstadt,170,Hoch,1984,B
291,Mittelstadt,125,Mittel,1964,A
127,Mittelstadt,249,Hoch,1961,B
79,Kleinhausen,250,Hoch,1971,B
147,Kleinhausen,244,Niedrig,1981,B
184,Grossviertel,282,Hoch,1958,B
65,Mittelstadt,195,Mittel,1968,B
91,Grossviertel,286,Mittel,1951,B
256,Grossviertel,265,Hoch,1959,A
184,Kleinhausen,201,Niedrig,1985,A
80,Mittelstadt,249,Niedrig,1951,B
196,Mittelstadt,215,Hoch,1954,B
137,Mittelstadt,169,Hoch,1973,B
219,Grossviertel,124,Hoch,1991,A
214,Grossviertel,240,Hoch,1978,A
231,Grossviertel,282,Mittel,1955,A
99,Kleinhausen,231,Niedrig,1954,B
81,Mittelstadt,102,Hoch,1999,B
196,Mittelstadt,292,Niedrig,1988,A
245,Mittelstadt,145,Hoch,1995,A
274,Kleinhausen,145,Mittel,1999,A
61,Grossviertel,199,Hoch,1990,B
109,Kleinhausen,167,Niedrig,1971,B
69,Mittelstadt,265,Hoch,1954,B
70,Mittelstadt,231,Hoch,1971,B
267,Mittelstadt,119,Niedrig,1978,A
79,Mittelstadt,119,Niedrig,1992,B
101,Kleinhausen,216,Niedrig,1986,A
103,Kleinhausen,160,Niedrig,1979,A
252,Kleinhausen,142,Mittel,1966,B
54,Kleinhausen,215,Niedrig,1981,B
118,Kleinhausen,140,Hoch,1981,B
141,Kleinhausen,171,Niedrig,1962,A
165,Kleinhausen,119,Hoch,1974,B
206,Mittelstadt,226,Mittel,1996,A
171,Kleinhausen,124,Hoch,1988,B
89,Grossviertel,145,Hoch,1953,B
240,Mittelstadt,145,Niedrig,1971,A
194,Mittelstadt,208,Niedrig,1994,A
155,Kleinhausen,173,Mittel,1997,A
280,Mittelstadt,256,Hoch,1995,B
253,Grossviertel,278,Hoch,1975,A
156,Grossviertel,193,Mittel,1954,B
108,Mittelstadt,197,Niedrig,1956,B
297,Grossviertel,279,Hoch,1965,B
262,Kleinhausen,220,Hoch,1961,A
97,Grossviertel,221,Hoch,1967,B
72,Mittelstadt,244,Hoch,1955,B
244,Grossviertel,231,Mittel,1989,A
249,Mittelstadt,140,Mittel,1952,B
208,Grossviertel,236,Mittel,1986,A
86,Kleinhausen,224,Niedrig,1965,B
292,Mittelstadt,228,Mittel,1994,B
189,Kleinhausen,166,Niedrig,1980,B
55,Mittelstadt,297,Hoch,1966,B
70,Kleinhausen,163,Niedrig,1959,B
113,Mittelstadt,172,Mittel,1973,B
195,Kleinhausen,138,Mittel,1961,B
177,Kleinhausen,209,Hoch,1953,B
75,Grossviertel,284,Hoch,1950,B
145,Grossviertel,240,Mittel,1956,B
147,Mittelstadt,155,Niedrig,1996,A
91,Kleinhausen,119,Mittel,1965,B
117,Kleinhausen,116,Hoch,1956,B
147,Grossviertel,108,Mittel,1950,B
108,Grossviertel,261,Niedrig,1951,A
127,Mittelstadt,194,Mittel,1975,B
204,Grossviertel,248,Mittel,1977,B
275,Grossviertel,105,Mittel,1995,B
160,Kleinhausen,294,Hoch,1999,A
173,Kleinhausen,207,Niedrig,1998,A
204,Grossviertel,133,Hoch,1976,B
134,Kleinhausen,208,Mittel,1965,A
144,Kleinhausen,181,Mittel,1996,B
78,Grossviertel,197,Niedrig,1975,B
179,Grossviertel,151,Niedrig,1962,A
174,Grossviertel,132,Mittel,1970,B
217,Kleinhausen,119,Mittel,1961,B
261,Kleinhausen,141,Hoch,1953,B
70,Grossviertel,246,Niedrig,1977,B
97,Kleinhausen,225,Mittel,1974,A
79,Mittelstadt,229,Hoch,1966,B
148,Kleinhausen,172,Hoch,1952,B
189,Kleinhausen,251,Hoch,1986,A
110,Mittelstadt,210,Mittel,1966,A
112,Mittelstadt,181,Niedrig,1975,B
186,Grossviertel,107,Hoch,1984,B
171,Kleinhausen,104,Niedrig,1976,A
290,Mittelstadt,289,Hoch,1950,A
178,Grossviertel,136,Mittel,1953,B
234,Grossviertel,108,Hoch,1979,B
91,Grossviertel,184,Mittel,1973,B
154,Grossviertel,114,Hoch,1995,A
86,Kleinhausen,139,Mittel,1957,B
186,Grossviertel,292,Hoch,1972,B
202,Grossviertel,125,Hoch,1956,A
79,Mittelstadt,267,Hoch,1954,B
185,Grossviertel,138,Mittel,1964,B
249,Grossviertel,209,Niedrig,1964,B
247,Mittelstadt,213,Mittel,1978,B
123,Grossviertel,253,Niedrig,1993,B
136,Kleinhausen,214,Mittel,1991,B
211,Grossviertel,164,Mittel,1980,A
157,Kleinhausen,287,Hoch,1951,B
266,Kleinhausen,124,Mittel,1983,B
235,Grossviertel,108,Mittel,1951,B
290,Grossviertel,200,Niedrig,1975,A
152,Mittelstadt,286,Hoch,1983,B
90,Kleinhausen,265,Hoch,1997,A
66,Kleinhausen,180,Niedrig,1952,B
287,Mittelstadt,243,Niedrig,1976,A
135,Mittelstadt,211,Mittel,1993,A
261,Mittelstadt,103,Hoch,1987,B
194,Grossviertel,164,Mittel,1965,B
235,Kleinhausen,225,Niedrig,1958,B
67,Mittelstadt,110,Niedrig,1985,B
225,Grossviertel,282,Niedrig,1966,A
265,Grossviertel,232,Niedrig,1967,A
147,Kleinhausen,137,Mittel,1985,B
96,Mittelstadt,246,Mittel,1961,B
264,Grossviertel,229,Hoch,1953,A
292,Kleinhausen,191,Hoch,1960,B
184,Mittelstadt,281,Mittel,1993,A
126,Grossviertel,221,Niedrig,1998,A
212,Kleinhausen,121,Niedrig,1983,A
276,Grossviertel,136,Niedrig,1987,B
238,Grossviertel,172,Niedrig,1954,A
60,Mittelstadt,201,Niedrig,1986,B
145,Grossviertel,152,Niedrig,1999,A
169,Grossviertel,184,Niedrig,1959,A
139,Grossviertel,293,Mittel,1990,A
146,Mittelstadt,230,Mittel,1994,A
226,Grossviertel,152,Hoch,1957,A
117,Grossviertel,211,Mittel,1972,B
267,Grossviertel,258,Mittel,1972,A
113,Kleinhausen,220,Hoch,1955,B
135,Mittelstadt,179,Hoch,1962,B
67,Mittelstadt,259,Niedrig,1955,A
82,Grossviertel,133,Niedrig,1989,A
211,Mittelstadt,266,Niedrig,1955,A
154,Kleinhausen,153,Hoch,1956,B
68,Mittelstadt,201,Hoch,1976,B
91,Kleinhausen,260,Hoch,1955,B
191,Grossviertel,249,Niedrig,1999,A
260,Grossviertel,130,Hoch,1986,A
195,Mittelstadt,182,Niedrig,1986,A
267,Grossviertel,159,Niedrig,1984,A
101,Kleinhausen,233,Hoch,1989,B
79,Mittelstadt,228,Hoch,1979,B
55,Kleinhausen,247,Mittel,1998,B
112,Grossviertel,211,Hoch,1966,A
76,Mittelstadt,159,Mittel,1959,B
66,Kleinhausen,206,Mittel,1980,B
97,Kleinhausen,286,Niedrig,1956,B
229,Grossviertel,290,Hoch,1993,A
237,Grossviertel,287,Hoch,1977,A
168,Mittelstadt,109,Mittel,1985,B
204,Mittelstadt,107,Niedrig,1957,A
181,Mittelstadt,204,Niedrig,1961,B
185,Grossviertel,106,Hoch,1966,B
267,Mittelstadt,199,Niedrig,1988,A
268,Mittelstadt,192,Hoch,1996,B
194,Kleinhausen,254,Niedrig,1998,A
277,Grossviertel,198,Mittel,1975,A
74,Kleinhausen,212,Hoch,1975,B
183,Grossviertel,191,Niedrig,1988,A
70,Mittelstadt,243,Mittel,1951,B
53,Kleinhausen,167,Mittel,1976,B
168,Grossviertel,223,Hoch,1963,B
64,Mittelstadt,215,Niedrig,1956,B
191,Grossviertel,295,Niedrig,1957,A
148,Kleinhausen,214,Hoch,1954,B
244,Kleinhausen,143,Hoch,1972,A
297,Grossviertel,177,Hoch,1976,A
257,Kleinhausen,106,Hoch,1972,A
52,Grossviertel,133,Niedrig,1992,B
274,Mittelstadt,166,Niedrig,1987,A
235,Grossviertel,279,Niedrig,1987,A
191,Grossviertel,270,Hoch,1965,A
80,Mittelstadt,213,Mittel,1984,A
230,Kleinhausen,285,Hoch,1988,A
223,Grossviertel,191,Hoch,1957,B
51,Mittelstadt,247,Mittel,1972,B
186,Grossviertel,122,Mittel,1981,A
229,Mittelstadt,296,Mittel,1952,A
78,Mittelstadt,289,Mittel,1986,B
174,Mittelstadt,190,Niedrig,1970,A
283,Grossviertel,167,Hoch,1973,A
179,Grossviertel,123,Mittel,1994,A
56,Mittelstadt,264,Mittel,1982,B
229,Kleinhausen,114,Mittel,1968,B
124,Grossviertel,287,Niedrig,1950,A
159,Kleinhausen,180,Mittel,1980,B
52,Mittelstadt,142,Hoch,1983,B
180,Mittelstadt,220,Niedrig,1956,A
268,Mittelstadt,217,Hoch,1973,A
193,Grossviertel,173,Mittel,1957,B
195,Mittelstadt,118,Hoch,1999,B
226,Grossviertel,287,Hoch,1983,B
169,Grossviertel,188,Niedrig,1981,B
186,Kleinhausen,109,Hoch,1974,B
250,Grossviertel,169,Niedrig,1995,A
207,Kleinhausen,101,Hoch,1999,A
295,Kleinhausen,298,Niedrig,1987,A
235,Grossviertel,153,Hoch,1958,B
256,Mittelstadt,214,Mittel,1970,A
253,Mittelstadt,125,Mittel,1952,A
65,Kleinhausen,246,Hoch,1954,B
197,Grossviertel,104,Mittel,1975,B
271,Grossviertel,239,Hoch,1966,A
175,Grossviertel,147,Hoch,1985,B
101,Grossviertel,254,Mittel,1963,B
270,Kleinhausen,248,Mittel,1951,A
291,Grossviertel,100,Niedrig,1966,B
162,Grossviertel,100,Hoch,1991,A
148,Grossviertel,197,Hoch,1978,B
103,Mittelstadt,168,Mittel,1982,A
278,Grossviertel,157,Mittel,1963,A
199,Grossviertel,190,Mittel,1989,A
240,Kleinhausen,123,Hoch,1958,B
100,Mittelstadt,184,Niedrig,1963,A
235,Grossviertel,219,Hoch,1952,B
212,Kleinhausen,163,Hoch,1976,B
146,Kleinhausen,102,Niedrig,1961,B
181,Mittelstadt,128,Hoch,1989,B
164,Grossviertel,111,Mittel,1991,B
173,Mittelstadt,179,Hoch,1982,B
157,Kleinhausen,256,Mittel,1999,A
76,Kleinhausen,124,Niedrig,1990,B
166,Mittelstadt,114,Mittel,1998,B
208,Grossviertel,222,Niedrig,1990,B
233,Kleinhausen,200,Hoch,1972,A
221,Mittelstadt,246,Niedrig,1990,A
205,Kleinhausen,158,Hoch,1967,B
286,Kleinhausen,183,Mittel,1952,A
177,Kleinhausen,243,Mittel,1967,B
58,Grossviertel,293,Mittel,1976,B
272,Mittelstadt,185,Mittel,1995,A
67,Mittelstadt,237,Mittel,1958,A
121,Kleinhausen,137,Mittel,1955,B
295,Kleinhausen,189,Hoch,1984,A
118,Kleinhausen,220,Niedrig,1993,B
145,Mittelstadt,141,Hoch,1983,B
195,Grossviertel,253,Mittel,1953,B
100,Grossviertel,255,Mittel,1952,A
144,Grossviertel,240,Hoch,1970,B
178,Kleinhausen,173,Hoch,1957,B
229,Mittelstadt,298,Niedrig,1961,A
166,Kleinhausen,150,Mittel,1979,B
121,Kleinhausen,255,Hoch,1953,A
223,Mittelstadt,280,Mittel,1997,A
235,Grossviertel,297,Mittel,1951,A
293,Kleinhausen,150,Hoch,1976,A
267,Mittelstadt,227,Hoch,1996,A
178,Kleinhausen,106,Niedrig,1979,B
101,Mittelstadt,154,Mittel,1979,B
162,Kleinhausen,232,Niedrig,1982,B
179,Mittelstadt,158,Mittel,1992,B
68,Grossviertel,151,Niedrig,1953,A
92,Grossviertel,298,Niedrig,1965,B
149,Mittelstadt,287,Mittel,1965,B
138,Grossviertel,180,Mittel,1960,B
97,Mittelstadt,112,Niedrig,1978,A
176,Kleinhausen,161,Hoch,1958,B
192,Kleinhausen,199,Niedrig,1996,A
272,Mittelstadt,205,Niedrig,1995,A
190,Grossviertel,121,Niedrig,1953,A
232,Mittelstadt,136,Niedrig,1969,A
190,Kleinhausen,254,Hoch,1971,A
164,Mittelstadt,247,Mittel,1961,A
297,Mittelstadt,105,Niedrig,1991,A
167,Mittelstadt,195,Niedrig,1999,A
281,Mittelstadt,204,Hoch,1956,B
50,Kleinhausen,112,Mittel,1971,B
190,Kleinhausen,146,Mittel,1989,B
208,Mittelstadt,176,Niedrig,1963,B
121,Mittelstadt,156,Mittel,1984,B
196,Grossviertel,122,Mittel,1960,A
222,Kleinhausen,173,Mittel,1970,B
139,Grossviertel,140,Niedrig,1990,A
221,Grossviertel,205,Mittel,1959,B
244,Kleinhausen,139,Mittel,1999,A
90,Kleinhausen,224,Hoch,1961,B
298,Grossviertel,110,Mittel,1988,B
290,Kleinhausen,228,Hoch,1966,A
127,Grossviertel,121,Mittel,1972,B
260,Kleinhausen,207,Mittel,1963,A
249,Kleinhausen,180,Mittel,1953,B
232,Grossviertel,245,Mittel,1974,A
271,Grossviertel,104,Mittel,1969,A
134,Mittelstadt,255,Mittel,1987,A
166,Kleinhausen,158,Hoch,1984,B
227,Grossviertel,253,Hoch,1961,A
271,Mittelstadt,238,Hoch,1984,A
245,Mittelstadt,234,Mittel,1986,A
112,Grossviertel,213,Hoch,1983,B
180,Mittelstadt,205,Niedrig,1994,B
177,Mittelstadt,157,Niedrig,1996,A
99,Mittelstadt,287,Mittel,1983,B
245,Grossviertel,190,Hoch,1979,A
197,Mittelstadt,276,Hoch,1950,A
157,Grossviertel,201,Niedrig,1962,B
176,Mittelstadt,295,Mittel,1978,A
146,Grossviertel,289,Mittel,1967,A
129,Mittelstadt,150,Hoch,1952,B
105,Mittelstadt,263,Mittel,1962,B
65,Grossviertel,167,Hoch,1999,B
170,Mittelstadt,240,Mittel,1972,B
214,Grossviertel,155,Niedrig,1989,A
76,Grossviertel,187,Hoch,1972,A
176,Grossviertel,153,Hoch,1973,B
256,Kleinhausen,214,Hoch,1995,A
125,Kleinhausen,142,Mittel,1995,B
100,Grossviertel,118,Niedrig,1967,B
206,Grossviertel,223,Niedrig,1971,A
104,Grossviertel,216,Niedrig,1980,A
247,Mittelstadt,183,Hoch,1964,B
277,Grossviertel,160,Mittel,1955,B
228,Kleinhausen,135,Mittel,1968,A
187,Kleinhausen,129,Mittel,1965,B
93,Grossviertel,216,Hoch,1960,B
93,Grossviertel,111,Mittel,1969,A
56,Grossviertel,146,Niedrig,1999,A
173,Kleinhausen,120,Hoch,1968,B
293,Mittelstadt,163,Niedrig,1981,A
287,Kleinhausen,130,Niedrig,1961,A
154,Kleinhausen,264,Niedrig,1973,B
108,Mittelstadt,297,Niedrig,1999,B
102,Kleinhausen,115,Hoch,1951,B
133,Mittelstadt,229,Niedrig,1966,B
144,Grossviertel,243,Niedrig,1953,A
125,Mittelstadt,222,Hoch,1950,B
207,Grossviertel,148,Mittel,1976,A
192,Mittelstadt,126,Niedrig,1984,A
82,Kleinhausen,152,Niedrig,1961,B
133,Mittelstadt,246,Niedrig,1990,A
102,Kleinhausen,101,Hoch,1985,A
55,Mittelstadt,287,Niedrig,1952,B
136,Grossviertel,245,Hoch,1965,B
287,Kleinhausen,212,Niedrig,1971,A
242,Kleinhausen,240,Niedrig,1972,A
138,Grossviertel,218,Mittel,1959,A
112,Kleinhausen,238,Hoch,1986,B
56,Kleinhausen,179,Mittel,1965,A
202,Grossviertel,233,Niedrig,1965,A
226,Mittelstadt,260,Niedrig,1964,B
226,Grossviertel,112,Hoch,1994,B
106,Grossviertel,101,Niedrig,1986,A
294,Kleinhausen,126,Niedrig,1998,B
115,Grossviertel,279,Niedrig,1957,A
267,Mittelstadt,130,Hoch,1998,B
77,Mittelstadt,123,Hoch,1991,B
153,Kleinhausen,134,Niedrig,1986,A
194,Grossviertel,164,Niedrig,1987,A
211,Grossviertel,129,Niedrig,1954,A
70,Grossviertel,113,Mittel,1954,B
140,Mittelstadt,232,Mittel,1990,A
154,Grossviertel,128,Mittel,1986,B
191,Mittelstadt,273,Hoch,1952,B
220,Kleinhausen,201,Hoch,1990,B
123,Kleinhausen,291,Mittel,1974,B
262,Grossviertel,299,Mittel,1968,A
136,Kleinhausen,214,Mittel,1954,A
299,Kleinhausen,171,Hoch,1962,B
231,Kleinhausen,196,Mittel,1981,B
176,Kleinhausen,255,Mittel,1976,B
173,Grossviertel,233,Hoch,1961,B
257,Mittelstadt,276,Hoch,1953,A
239,Grossviertel,270,Hoch,1984,A
54,Kleinhausen,241,Niedrig,1988,B
106,Kleinhausen,184,Niedrig,1991,A
57,Grossviertel,291,Mittel,1977,A
287,Grossviertel,191,Mittel,1988,B
56,Grossviertel,138,Mittel,1984,B
167,Grossviertel,224,Niedrig,1990,A
186,Grossviertel,178,Mittel,1976,B
175,Grossviertel,152,Hoch,1964,B
140,Mittelstadt,136,Hoch,1991,A
221,Kleinhausen,139,Mittel,1989,A
247,Mittelstadt,292,Niedrig,1999,A
202,Mittelstadt,140,Hoch,1966,B
138,Kleinhausen,276,Hoch,1998,A
288,Kleinhausen,137,Mittel,1988,A
262,Grossviertel,285,Niedrig,1989,A
161,Kleinhausen,214,Hoch,1955,B
167,Mittelstadt,165,Mittel,1989,B
245,Grossviertel,291,Niedrig,1957,A
89,Kleinhausen,271,Niedrig,1965,B
273,Mittelstadt,244,Hoch,1981,A
134,Mittelstadt,244,Hoch,1962,B
104,Mittelstadt,222,Hoch,1999,B
78,Kleinhausen,123,Mittel,1951,B
259,Kleinhausen,152,Mittel,1987,A
186,Kleinhausen,157,Niedrig,1988,A
141,Grossviertel,289,Hoch,1978,A
146,Mittelstadt,103,Hoch,1959,B
77,Mittelstadt,191,Hoch,1961,B
84,Mittelstadt,162,Hoch,1951,B
111,Mittelstadt,244,Mittel,1959,B
194,Mittelstadt,202,Niedrig,1984,A
297,Mittelstadt,133,Hoch,1982,B
258,Grossviertel,184,Hoch,1994,B
179,Mittelstadt,221,Mittel,1986,B
258,Mittelstadt,163,Hoch,1999,B
81,Grossviertel,132,Hoch,1993,B
189,Mittelstadt,238,Mittel,1981,B
212,Grossviertel,271,Niedrig,1980,A
180,Kleinhausen,276,Hoch,1962,A
173,Kleinhausen,216,Hoch,1989,B
85,Kleinhausen,249,Niedrig,1990,B
86,Grossviertel,274,Hoch,1985,A
97,Grossviertel,165,Hoch,1996,A
132,Mittelstadt,296,Niedrig,1995,B
56,Grossviertel,252,Mittel,1975,A
74,Kleinhausen,204,Niedrig,1962,B
277,Grossviertel,141,Niedrig,1985,B
154,Grossviertel,182,Mittel,1996,A
270,Mittelstadt,229,Hoch,1984,B
128,Kleinhausen,164,Mittel,1962,B
128,Mittelstadt,240,Hoch,1999,A
132,Mittelstadt,262,Mittel,1992,A
259,Mittelstadt,239,Mittel,1980,A
65,Kleinhausen,212,Mittel,1984,A
237,Mittelstadt,108,Niedrig,1973,A
192,Grossviertel,113,Niedrig,1969,A
193,Grossviertel,184,Mittel,1962,B
83,Kleinhausen,250,Niedrig,1966,A
77,Grossviertel,219,Niedrig,1958,A
219,Kleinhausen,181,Hoch,1970,B
214,Grossviertel,273,Hoch,1978,B
76,Kleinhausen,235,Hoch,1996,B
297,Mittelstadt,287,Niedrig,1989,B
219,Mittelstadt,293,Niedrig,1979,A
180,Mittelstadt,228,Mittel,1956,B
68,Kleinhausen,209,Hoch,1987,B
225,Mittelstadt,187,Hoch,1953,A
267,Grossviertel,140,Mittel,1968,B
65,Mittelstadt,149,Mittel,1964,B
87,Grossviertel,233,Niedrig,1972,A
269,Kleinhausen,180,Niedrig,1969,B
75,Grossviertel,202,Mittel,1987,A
125,Grossviertel,297,Niedrig,1991,A
180,Kleinhausen,157,Mittel,1962,B
193,Kleinhausen,260,Mittel,1955,B
184,Mittelstadt,194,Mittel,1991,B
216,Mittelstadt,265,Niedrig,1970,B
199,Grossviertel,198,Niedrig,1984,A
293,Mittelstadt,202,Niedrig,1965,A
252,Mittelstadt,237,Hoch,1973,B
192,Mittelstadt,218,Hoch,1973,A
66,Grossviertel,226,Mittel,1988,A
160,Kleinhausen,199,Mittel,1952,B
145,Mittelstadt,186,Niedrig,1965,A
97,Mittelstadt,213,Mittel,1995,B
138,Grossviertel,113,Mittel,1958,A
132,Mittelstadt,197,Mittel,1959,B
248,Kleinhausen,297,Niedrig,1967,A
210,Grossviertel,131,Hoch,1971,B
282,Grossviertel,250,Niedrig,1994,B
70,Mittelstadt,115,Hoch,1986,B
152,Kleinhausen,213,Hoch,1952,B
63,Mittelstadt,193,Hoch,1980,B
119,Kleinhausen,187,Niedrig,1971,A
248,Mittelstadt,111,Mittel,1993,B
266,Mittelstadt,120,Niedrig,1986,A
178,Kleinhausen,199,Hoch,1977,A
139,Mittelstadt,125,Mittel,1956,A
113,Mittelstadt,295,Niedrig,1993,B
138,Kleinhausen,105,Niedrig,1957,A
114,Kleinhausen,118,Niedrig,1969,B
184,Kleinhausen,126,Mittel,1995,B
268,Grossviertel,117,Mittel,1957,A
116,Grossviertel,125,Hoch,1985,B
105,Mittelstadt,136,Hoch,1997,B
213,Grossviertel,255,Niedrig,1961,A
142,Mittelstadt,207,Niedrig,1991,B
179,Grossviertel,182,Niedrig,1956,B
225,Kleinhausen,107,Hoch,1961,B
242,Grossviertel,168,Hoch,1974,B
117,Kleinhausen,219,Niedrig,1965,B
153,Kleinhausen,183,Hoch,1995,B
99,Mittelstadt,168,Niedrig,1956,B
281,Grossviertel,292,Mittel,1999,A
241,Mittelstadt,262,Mittel,1951,A
61,Kleinhausen,259,Hoch,1980,B
178,Kleinhausen,219,Niedrig,1973,A
177,Mittelstadt,225,Niedrig,1982,A
126,Kleinhausen,228,Hoch,1952,B
94,Grossviertel,251,Hoch,1972,B
60,Mittelstadt,178,Hoch,1992,B
284,Kleinhausen,120,Hoch,1979,B
146,Grossviertel,247,Hoch,1961,B
207,Mittelstadt,216,Mittel,1974,A
186,Kleinhausen,180,Niedrig,1956,B
59,Mittelstadt,272,Hoch,1977,B
190,Mittelstadt,246,Hoch,1989,A
254,Mittelstadt,150,Mittel,1958,B
180,Grossviertel,171,Niedrig,1959,B
270,Kleinhausen,120,Niedrig,1953,B
241,Kleinhausen,171,Niedrig,1958,B
174,Mittelstadt,218,Mittel,1993,B
283,Mittelstadt,210,Mittel,1986,A
186,Mittelstadt,130,Niedrig,1979,B
109,Kleinhausen,178,Niedrig,1994,B
225,Kleinhausen,207,Hoch,1969,B
100,Kleinhausen,197,Niedrig,1987,A
182,Grossviertel,296,Hoch,1981,A
131,Mittelstadt,183,Niedrig,1994,B
229,Mittelstadt,254,Niedrig,1964,A
133,Mittelstadt,237,Mittel,1974,B
164,Mittelstadt,170,Niedrig,1996,A
215,Grossviertel,233,Hoch,1963,A
59,Kleinhausen,131,Hoch,1973,B
73,Kleinhausen,288,Hoch,1963,B
107,Kleinhausen,216,Niedrig,1965,B
245,Kleinhausen,146,Niedrig,1988,A
121,Kleinhausen,285,Mittel,1980,A
189,Mittelstadt,263,Niedrig,1989,B
244,Mittelstadt,295,Hoch,1986,A
117,Mittelstadt,185,Niedrig,1992,A
289,Grossviertel,185,Hoch,1984,A
231,Kleinhausen,128,Hoch,1985,B
91,Kleinhausen,226,Hoch,1956,B
129,Mittelstadt,110,Niedrig,1950,B
51,Grossviertel,108,Mittel,1976,B
292,Kleinhausen,118,Mittel,1975,B
131,Mittelstadt,132,Niedrig,1995,B
124,Kleinhausen,194,Mittel,1988,A
184,Kleinhausen,237,Mittel,1969,A
196,Kleinhausen,198,Hoch,1972,B
275,Grossviertel,139,Mittel,1980,A
299,Kleinhausen,177,Mittel,1961,B
272,Mittelstadt,158,Mittel,1952,B
234,Kleinhausen,208,Hoch,1962,A
206,Grossviertel,250,Mittel,1985,B
94,Kleinhausen,203,Mittel,1965,A
251,Kleinhausen,256,Mittel,1969,B
212,Grossviertel,126,Hoch,1951,B
296,Mittelstadt,251,Niedrig,1974,A
163,Grossviertel,191,Hoch,1971,B
271,Grossviertel,222,Niedrig,1991,A
93,Mittelstadt,150,Hoch,1995,A
147,Mittelstadt,103,Niedrig,1970,A
213,Mittelstadt,111,Mittel,1955,B
193,Grossviertel,103,Hoch,1988,B
74,Mittelstadt,183,Niedrig,1972,A
146,Kleinhausen,129,Mittel,1987,B
246,Kleinhausen,191,Niedrig,1977,A
147,Mittelstadt,155,Hoch,1978,B
272,Kleinhausen,104,Niedrig,1964,B
135,Grossviertel,273,Niedrig,1985,A
83,Kleinhausen,276,Mittel,1970,A
89,Mittelstadt,194,Hoch,1962,B
250,Mittelstadt,288,Hoch,1985,A
131,Kleinhausen,103,Niedrig,1983,B
170,Mittelstadt,104,Hoch,1959,B
135,Mittelstadt,118,Mittel,1964,B
175,Kleinhausen,140,Hoch,1956,B
122,Mittelstadt,176,Niedrig,1989,B
277,Grossviertel,117,Niedrig,1999,B
113,Kleinhausen,146,Mittel,1984,B
232,Grossviertel,171,Mittel,1981,A
110,Kleinhausen,235,Hoch,1988,B
147,Mittelstadt,221,Niedrig,1994,A
127,Grossviertel,267,Hoch,1979,A
93,Mittelstadt,196,Mittel,1972,B
140,Grossviertel,220,Niedrig,1981,B
244,Kleinhausen,170,Niedrig,1999,A
263,Grossviertel,126,Mittel,1971,B
212,Grossviertel,103,Niedrig,1953,B
274,Mittelstadt,113,Hoch,1995,A
250,Mittelstadt,286,Hoch,1984,A
68,Mittelstadt,252,Mittel,1965,A
81,Grossviertel,251,Mittel,1973,A
117,Grossviertel,192,Mittel,1966,B
89,Mittelstadt,207,Mittel,1962,B
119,Mittelstadt,267,Hoch,1963,B
275,Mittelstadt,139,Hoch,1980,B
50,Mittelstadt,100,Niedrig,1994,A
214,Grossviertel,116,Mittel,1959,B
275,Mittelstadt,230,Hoch,1963,A
120,Kleinhausen,252,Hoch,1971,B
73,Mittelstadt,110,Hoch,1998,A
193,Kleinhausen,106,Hoch,1999,A
67,Kleinhausen,178,Niedrig,1999,B
233,Grossviertel,133,Mittel,1962,A
236,Grossviertel,100,Hoch,1967,A
261,Grossviertel,196,Hoch,1978,A
296,Kleinhausen,249,Mittel,1965,A
128,Grossviertel,289,Niedrig,1996,A
177,Kleinhausen,120,Hoch,1950,B
292,Kleinhausen,297,Niedrig,1971,A
267,Mittelstadt,153,Hoch,1965,B
158,Mittelstadt,249,Hoch,1951,A
60,Grossviertel,126,Hoch,1956,B
192,Grossviertel,228,Hoch,1966,A
217,Kleinhausen,293,Mittel,1995,B
93,Kleinhausen,277,Hoch,1971,B
195,Mittelstadt,283,Niedrig,1958,B
223,Kleinhausen,284,Mittel,1960,A
167,Grossviertel,252,Mittel,1976,A
101,Kleinhausen,123,Hoch,1989,B
280,Grossviertel,221,Hoch,1960,B
192,Kleinhausen,104,Hoch,1983,A
146,Grossviertel,284,Mittel,1953,A
256,Kleinhausen,143,Niedrig,1983,A
147,Mittelstadt,189,Mittel,1974,B
186,Mittelstadt,275,Hoch,1976,B
179,Mittelstadt,153,Hoch,1984,B
280,Mittelstadt,296,Mittel,1963,A
273,Mittelstadt,107,Niedrig,1980,B
201,Mittelstadt,187,Niedrig,1994,A
75,Mittelstadt,139,Mittel,1964,B
253,Kleinhausen,231,Mittel,1953,A
127,Mittelstadt,221,Niedrig,1996,B
249,Mittelstadt,101,Mittel,1964,A
89,Mittelstadt,267,Hoch,1976,B
205,Grossviertel,221,Hoch,1984,A
144,Kleinhausen,244,Hoch,1991,B
72,Kleinhausen,254,Mittel,1956,B
60,Grossviertel,171,Niedrig,1994,B
167,Kleinhausen,264,Niedrig,1993,B
274,Kleinhausen,116,Niedrig,1994,B
216,Mittelstadt,277,Niedrig,1959,B
75,Mittelstadt,102,Niedrig,1967,B
121,Grossviertel,167,Mittel,1963,A
275,Mittelstadt,273,Mittel,1990,A
219,Mittelstadt,159,Mittel,1960,A
104,Grossviertel,134,Mittel,1985,A
256,Grossviertel,241,Mittel,1968,A
168,Kleinhausen,130,Hoch,1957,A
112,Grossviertel,224,Niedrig,1954,B
270,Kleinhausen,248,Mittel,1968,A
199,Grossviertel,213,Mittel,1978,A
63,Mittelstadt,161,Mittel,1989,B
116,Mittelstadt,165,Niedrig,1954,B
227,Kleinhausen,186,Hoch,1998,B
210,Kleinhausen,102,Mittel,1971,A
67,Grossviertel,125,Hoch,1983,B
228,Kleinhausen,222,Hoch,1972,B
189,Grossviertel,183,Mittel,1985,A
186,Mittelstadt,286,Niedrig,1989,A
195,Grossviertel,258,Hoch,1970,A
103,Grossviertel,142,Niedrig,1986,A
147,Mittelstadt,269,Niedrig,1986,B
188,Kleinhausen,210,Niedrig,1965,B
128,Kleinhausen,199,Niedrig,1951,B
263,Kleinhausen,258,Niedrig,1974,A
126,Grossviertel,116,Mittel,1970,A
258,Kleinhausen,182,Hoch,1984,B
184,Kleinhausen,190,Niedrig,1994,A
134,Kleinhausen,233,Mittel,1963,A
140,Kleinhausen,147,Hoch,1976,B
282,Mittelstadt,234,Mittel,1973,A
172,Grossviertel,161,Hoch,1972,B
91,Kleinhausen,253,Niedrig,1995,B
152,Mittelstadt,144,Mittel,1978,A
65,Grossviertel,173,Hoch,1995,B
256,Mittelstadt,265,Mittel,1979,A
130,Kleinhausen,225,Mittel,1994,B
198,Mittelstadt,227,Mittel,1998,B
285,Grossviertel,129,Niedrig,1961,B
190,Kleinhausen,130,Niedrig,1973,A
294,Mittelstadt,127,Hoch,1999,A
62,Mittelstadt,145,Mittel,1952,A
254,Grossviertel,227,Hoch,1968,A
164,Grossviertel,279,Hoch,1963,A
239,Mittelstadt,275,Niedrig,1999,A
192,Kleinhausen,182,Niedrig,1988,B
140,Grossviertel,212,Mittel,1973,A
111,Kleinhausen,143,Niedrig,1997,A
250,Kleinhausen,299,Niedrig,1982,B
138,Kleinhausen,233,Hoch,1979,B
137,Mittelstadt,139,Niedrig,1995,A
219,Kleinhausen,218,Mittel,1963,A
143,Grossviertel,161,Hoch,1965,B
198,Kleinhausen,204,Mittel,1961,A
161,Mittelstadt,171,Niedrig,1956,A
230,Grossviertel,138,Niedrig,1965,A
151,Grossviertel,274,Mittel,1990,A
66,Mittelstadt,142,Niedrig,1974,B
72,Mittelstadt,260,Mittel,1974,B
247,Grossviertel,113,Mittel,1992,B
57,Mittelstadt,257,Niedrig,1953,A
84,Mittelstadt,130,Mittel,1965,B
57,Kleinhausen,283,Niedrig,1975,B
123,Mittelstadt,162,Niedrig,1983,B
125,Mittelstadt,252,Niedrig,1985,B
208,Kleinhausen,148,Mittel,1967,A
206,Mittelstadt,179,Hoch,1991,B
282,Kleinhausen,279,Niedrig,1973,A
206,Mittelstadt,174,Hoch,1961,B
248,Grossviertel,226,Niedrig,1991,A
59,Kleinhausen,189,Mittel,1974,B
232,Kleinhausen,125,Hoch,1994,B
297,Kleinhausen,177,Hoch,1957,B
286,Grossviertel,163,Niedrig,1997,A
250,Kleinhausen,287,Hoch,1982,B
113,Kleinhausen,163,Mittel,1999,B
148,Mittelstadt,214,Niedrig,1999,A
277,Mittelstadt,100,Hoch,1988,B
237,Mittelstadt,119,Mittel,1987,A
275,Grossviertel,157,Hoch,1959,B
150,Kleinhausen,217,Hoch,1954,B
234,Mittelstadt,275,Mittel,1952,B
167,Kleinhausen,201,Hoch,1973,B
299,Mittelstadt,111,Hoch,1950,B
161,Grossviertel,248,Mittel,1995,A
257,Kleinhausen,227,Mittel,1957,B
130,Kleinhausen,200,Mittel,1969,B
186,Kleinhausen,244,Mittel,1960,B
268,Mittelstadt,231,Niedrig,1967,B
141,Grossviertel,244,Hoch,1967,B
179,Mittelstadt,136,Niedrig,1986,B
196,Mittelstadt,207,Niedrig,1990,B
90,Kleinhausen,114,Niedrig,1976,B
107,Kleinhausen,296,Niedrig,1970,B
228,Kleinhausen,247,Hoch,1953,A
282,Grossviertel,240,Hoch,1956,A
69,Grossviertel,109,Hoch,1985,B
266,Grossviertel,199,Mittel,1971,A
272,Mittelstadt,144,Mittel,1974,A
57,Mittelstadt,277,Niedrig,1963,B
164,Mittelstadt,128,Niedrig,1961,B
114,Kleinhausen,127,Hoch,1956,B
273,Kleinhausen,196,Hoch,1962,B
286,Mittelstadt,243,Hoch,1962,B
154,Mittelstadt,206,Niedrig,1952,B
214,Mittelstadt,271,Mittel,1975,A
170,Mittelstadt,149,Mittel,1968,A
289,Mittelstadt,108,Hoch,1984,B
270,Mittelstadt,215,Niedrig,1967,A
66,Grossviertel,295,Mittel,1997,A
295,Mittelstadt,266,Hoch,1954,A
84,Mittelstadt,114,Niedrig,1953,B
253,Grossviertel,146,Hoch,1950,B
241,Grossviertel,264,Niedrig,1980,A
275,Grossviertel,115,Mittel,1972,A
68,Grossviertel,231,Hoch,1957,B
297,Kleinhausen,119,Mittel,1981,A
279,Mittelstadt,228,Niedrig,1963,A
256,Kleinhausen,240,Hoch,1951,A
228,Grossviertel,276,Niedrig,1965,B
266,Grossviertel,122,Niedrig,1975,A
195,Grossviertel,180,Mittel,1983,A
130,Mittelstadt,220,Hoch,1964,A
234,Mittelstadt,167,Mittel,1980,A
50,Mittelstadt,150,Hoch,1957,B
231,Mittelstadt,220,Niedrig,1987,A
135,Mittelstadt,128,Mittel,1999,A
51,Grossviertel,223,Mittel,1966,B
290,Kleinhausen,175,Niedrig,1962,B
155,Kleinhausen,202,Niedrig,1970,A
225,Kleinhausen,186,Mittel,1951,A
81,Mittelstadt,161,Hoch,1959,B
122,Mittelstadt,168,Hoch,1981,B
244,Kleinhausen,287,Niedrig,1971,A
289,Mittelstadt,165,Mittel,1951,B
293,Mittelstadt,257,Mittel,1986,A
239,Mittelstadt,173,Mittel,1954,A
131,Kleinhausen,285,Mittel,1980,B
77,Kleinhausen,280,Hoch,1975,A
129,Kleinhausen,255,Mittel,1973,A
187,Grossviertel,262,Hoch,1990,A
293,Mittelstadt,231,Hoch,1961,B
296,Kleinhausen,100,Hoch,1971,A
299,Grossviertel,124,Niedrig,1966,A
98,Kleinhausen,140,Niedrig,1953,A
229,Kleinhausen,272,Hoch,1961,B
89,Grossviertel,280,Niedrig,1953,A
205,Kleinhausen,286,Hoch,1999,A
186,Grossviertel,284,Mittel,1993,A
277,Kleinhausen,169,Mittel,1978,B
73,Kleinhausen,170,Hoch,1988,B
112,Kleinhausen,202,Mittel,1961,B
188,Kleinhausen,249,Niedrig,1997,A
101,Mittelstadt,271,Hoch,1989,A
246,Mittelstadt,238,Mittel,1961,A
123,Mittelstadt,249,Niedrig,1997,A
290,Kleinhausen,218,Niedrig,1980,A
64,Grossviertel,207,Niedrig,1963,B
88,Mittelstadt,140,Mittel,1990,B
98,Grossviertel,141,Mittel,1982,B
170,Mittelstadt,109,Mittel,1953,B
297,Mittelstadt,165,Niedrig,1951,B
176,Grossviertel,132,Mittel,1977,B
208,Kleinhausen,223,Niedrig,1973,B
232,Grossviertel,150,Hoch,1974,B
61,Kleinhausen,141,Hoch,1951,B
294,Grossviertel,223,Mittel,1984,A
170,Mittelstadt,293,Niedrig,1983,A
203,Mittelstadt,297,Hoch,1988,A
105,Mittelstadt,251,Niedrig,1994,A
129,Kleinhausen,100,Mittel,1997,A
172,Grossviertel,173,Mittel,1950,B
260,Kleinhausen,196,Niedrig,1964,A
238,Mittelstadt,198,Hoch,1967,B
105,Kleinhausen,241,Mittel,1952,A
170,Kleinhausen,165,Niedrig,1997,A
278,Mittelstadt,128,Niedrig,1955,B
220,Grossviertel,239,Hoch,1998,A
148,Kleinhausen,144,Mittel,1981,B
220,Mittelstadt,173,Hoch,1969,B
283,Mittelstadt,224,Mittel,1965,B
97,Grossviertel,262,Mittel,1987,B
234,Kleinhausen,183,Niedrig,1991,B
125,Grossviertel,108,Hoch,1988,B
273,Kleinhausen,151,Hoch,1950,B
214,Grossviertel,152,Hoch,1955,B
102,Grossviertel,140,Niedrig,1981,B
265,Kleinhausen,230,Mittel,1978,A
128,Mittelstadt,280,Mittel,1960,A
276,Mittelstadt,168,Hoch,1998,A
197,Mittelstadt,120,Mittel,1951,A
286,Grossviertel,144,Niedrig,1997,A
240,Kleinhausen,278,Mittel,1973,B
166,Mittelstadt,184,Hoch,1976,A
79,Grossviertel,282,Niedrig,1992,B
137,Mittelstadt,121,Hoch,1958,B
271,Kleinhausen,225,Niedrig,1982,B
107,Grossviertel,255,Mittel,1986,A
210,Mittelstadt,207,Hoch,1994,B
157,Mittelstadt,142,Niedrig,1978,A
71,Mittelstadt,203,Mittel,1968,A
273,Grossviertel,230,Hoch,1972,A
70,Mittelstadt,181,Niedrig,1959,A
197,Kleinhausen,180,Niedrig,1978,A
245,Grossviertel,295,Mittel,1979,A
236,Grossviertel,145,Hoch,1958,A
155,Mittelstadt,195,Niedrig,1955,B
139,Grossviertel,187,Niedrig,1987,A
92,Mittelstadt,294,Hoch,1996,A
159,Kleinhausen,288,Niedrig,1973,B
53,Kleinhausen,286,Niedrig,1963,A
103,Kleinhausen,257,Hoch,1989,B
234,Kleinhausen,261,Niedrig,1973,B
240,Mittelstadt,200,Hoch,1997,B
281,Grossviertel,218,Mittel,1968,B
168,Mittelstadt,110,Niedrig,1955,B
227,Grossviertel,201,Hoch,1958,B
221,Mittelstadt,195,Niedrig,1959,A
120,Kleinhausen,208,Mittel,1959,B
114,Kleinhausen,164,Niedrig,1953,B
69,Grossviertel,100,Niedrig,1988,B
174,Grossviertel,191,Mittel,1971,B
81,Kleinhausen,131,Niedrig,1951,B
294,Mittelstadt,210,Niedrig,1997,A
145,Grossviertel,217,Niedrig,1957,B
294,Mittelstadt,119,Niedrig,1985,B
67,Mittelstadt,198,Niedrig,1969,B
116,Mittelstadt,106,Mittel,1993,A
212,Mittelstadt,146,Niedrig,1953,B
266,Grossviertel,206,Mittel,1996,A
222,Mittelstadt,254,Niedrig,1996,A
79,Mittelstadt,169,Mittel,1998,B
197,Grossviertel,298,Niedrig,1980,B
54,Grossviertel,157,Mittel,1992,A
223,Kleinhausen,151,Niedrig,1966,A
170,Mittelstadt,125,Niedrig,1991,A
114,Grossviertel,256,Niedrig,1996,A
159,Kleinhausen,129,Hoch,1992,B
281,Mittelstadt,171,Niedrig,1963,A
232,Mittelstadt,234,Mittel,1962,A
71,Mittelstadt,288,Niedrig,1976,B
200,Grossviertel,283,Mittel,1986,A
185,Kleinhausen,142,Niedrig,1989,A
218,Mittelstadt,240,Hoch,1950,A
164,Mittelstadt,237,Niedrig,1983,B
275,Grossviertel,270,Niedrig,1967,A
194,Grossviertel,234,Hoch,1962,B
94,Grossviertel,180,Niedrig,1986,A
80,Kleinhausen,244,Niedrig,1958,A
210,Grossviertel,131,Niedrig,1967,A
125,Kleinhausen,104,Niedrig,1995,A
293,Grossviertel,291,Mittel,1993,A
207,Mittelstadt,256,Hoch,1971,A
201,Mittelstadt,270,Mittel,1981,B
192,Kleinhausen,264,Hoch,1974,A
218,Kleinhausen,268,Hoch,1976,B
206,Grossviertel,124,Hoch,1993,A
163,Mittelstadt,172,Mittel,1950,A
277,Mittelstadt,135,Mittel,1996,A
80,Grossviertel,117,Mittel,1950,B
284,Kleinhausen,136,Niedrig,1974,A
288,Mittelstadt,223,Niedrig,1985,A
160,Grossviertel,162,Hoch,1962,A
298,Grossviertel,294,Hoch,1980,B
145,Kleinhausen,156,Niedrig,1983,B
129,Kleinhausen,169,Hoch,1955,B
221,Kleinhausen,222,Hoch,1965,B
261,Grossviertel,208,Hoch,1996,A
197,Kleinhausen,180,Hoch,1977,B
220,Kleinhausen,157,Hoch,1951,B
175,Grossviertel,274,Hoch,1981,A
273,Kleinhausen,220,Niedrig,1983,A
131,Mittelstadt,143,Hoch,1957,B
203,Grossviertel,129,Mittel,1987,A
179,Mittelstadt,108,Niedrig,1971,B
160,Mittelstadt,205,Niedrig,1967,A
94,Mittelstadt,170,Hoch,1970,B
259,Kleinhausen,275,Hoch,1997,B
142,Mittelstadt,154,Mittel,1964,B
124,Grossviertel,257,Mittel,1988,B
134,Grossviertel,220,Hoch,1978,A
101,Grossviertel,173,Niedrig,1969,A
166,Mittelstadt,142,Niedrig,1996,A
165,Kleinhausen,147,Mittel,1988,A
244,Kleinhausen,248,Hoch,1976,B
